"Date/Time (UTC)","Apogee","Perigee","BSTAR"
"2023-11-20 05:18:17",695.292,677.348,0.0010553
"2023-11-20 22:14:25",695.22,677.36,0.0011605
"2023-11-21 05:55:15",695.293,677.252,0.0012748
"2023-11-21 14:33:17",695.235,677.249,0.0016537
"2023-11-21 14:33:17",695.235,677.249,0.0016537
"2023-11-23 03:46:53",695.201,677.021,0.0025873
"2023-11-23 05:32:25",695.088,677.101,0.0027152
"2023-11-23 20:36:07",695.036,677.056,0.0023684
"2023-11-24 14:49:15",695.012,676.95,0.0022801
"2023-11-25 03:23:58",695.203,676.659,0.0025971
"2023-11-25 13:21:31",695.108,676.635,0.0035002
"2023-11-25 13:21:31",695.108,676.635,0.0035002
"2023-11-26 14:26:06",694.989,676.463,0.0031436
"2023-11-26 14:26:06",694.989,676.463,0.0031436
"2023-11-27 13:24:30",694.748,676.49,0.002695
"2023-11-28 03:46:41",694.674,676.431,0.0029825
"2023-11-28 14:02:59",694.658,676.356,0.0030248
"2023-11-29 13:01:17",694.537,676.254,0.0030928
"2023-11-29 19:26:42",694.491,676.218,0.0035848
"2023-12-01 12:37:57",694.336,675.985,0.0036497
"2023-12-02 13:18:31",694.087,675.875,0.0037945
"2023-12-02 13:18:31",694.087,675.875,0.0037945
"2023-12-03 12:14:29",694.036,675.704,0.0027945
"2023-12-04 12:52:44",693.908,675.67,0.002428
"2023-12-04 12:52:44",693.908,675.67,0.002428
"2023-12-05 01:27:44",693.99,675.511,0.0023519
"2023-12-06 12:29:26",693.732,675.532,0.0021763
"2023-12-07 02:49:14",693.816,675.375,0.0019378
"2023-12-07 11:27:07",693.69,675.464,0.0016224
"2023-12-08 12:05:36",693.635,675.403,0.0014499
"2023-12-09 11:03:17",693.596,675.335,0.0015164
"2023-12-09 11:03:17",693.596,675.335,0.0015164
"2023-12-10 11:42:13",693.519,675.303,0.0015113
"2023-12-11 02:01:30",693.519,675.236,0.0015106
"2023-12-11 02:01:30",693.519,675.236,0.0015106
"2023-12-15 01:13:38",693.264,674.999,0.0018603
"2023-12-15 01:13:38",693.264,674.999,0.0018603
"2023-12-16 00:13:45",693.166,674.932,0.002074
"2023-12-16 00:13:45",693.166,674.932,0.002074
"2023-12-17 07:25:04",692.964,674.88,0.0028559
"2023-12-17 07:25:04",692.964,674.88,0.0028559
"2023-12-19 00:25:20",692.617,674.81,0.0033854
"2023-12-19 00:25:20",692.617,674.81,0.0033854
"2023-12-21 00:00:56",691.962,674.922,0.0041774
"2023-12-21 00:00:56",691.962,674.922,0.0041774
"2023-12-22 09:09:32",692.168,674.331,0.0039294
"2023-12-23 08:14:37",691.681,674.564,0.0039916
"2023-12-23 08:14:37",691.681,674.564,0.0039916
"2023-12-24 08:51:34",691.58,674.375,0.0043507
"2023-12-24 21:26:43",691.445,674.363,0.0041865
"2023-12-25 07:43:41",691.357,674.349,0.003992
"2023-12-26 08:26:44",691.274,674.16,0.0037194
"2023-12-26 08:26:44",691.274,674.16,0.0037194
"2023-12-26 22:46:41",690.943,674.343,0.0035777
"2023-12-27 07:24:53",690.998,674.212,0.0035986
"2023-12-28 08:01:57",690.799,674.196,0.0030335
"2023-12-28 08:01:57",690.799,674.196,0.0030335
"2023-12-30 07:36:39",690.489,674.129,0.0027252
"2023-12-30 20:11:16",690.369,674.164,0.00255
"2023-12-30 21:56:34",690.34,674.186,0.0023642
"2023-12-31 06:34:40",690.335,674.14,0.0021571
"2024-01-01 07:11:20",690.186,674.139,0.0021342
"2024-01-01 19:45:21",690.169,674.076,0.0023081
"2024-01-01 21:31:22",690.067,674.163,0.0023968
"2024-01-03 06:46:15",689.927,674.095,0.0021213
"2024-01-03 21:06:04",689.822,674.119,0.0021183
"2024-01-03 21:06:04",689.822,674.119,0.0021183
"2024-01-04 05:45:57",689.77,674.112,0.0022623
"2024-01-05 06:20:37",689.632,674.105,0.0021776
"2024-01-05 20:40:40",689.538,674.137,0.0018428
"2024-01-06 19:31:43",689.404,674.143,0.0018913
"2024-01-06 21:19:26",689.347,674.194,0.001813
"2024-01-07 12:19:01",689.333,674.122,0.001983
"2024-01-07 20:15:10",689.22,674.193,0.0020143
"2024-01-08 20:53:23",689.047,674.224,0.0021464
"2024-01-08 20:53:23",689.047,674.224,0.0021464
"2024-01-09 19:49:39",688.901,674.219,0.0023898
"2024-01-11 05:04:18",688.734,674.139,0.0027768
"2024-01-11 05:04:18",688.734,674.139,0.0027768
"2024-01-11 17:38:02",688.639,674.13,0.0028746
"2024-01-12 18:14:58",688.487,674.095,0.0026771
"2024-01-13 04:38:11",688.442,674.055,0.0027132
"2024-01-13 18:58:16",688.232,674.16,0.0027299
"2024-01-14 05:15:46",688.176,674.132,0.0027355
"2024-01-14 17:49:09",688.153,674.057,0.0029635
"2024-01-15 04:12:17",688.083,674.031,0.0031694
"2024-01-15 18:32:30",687.961,674.042,0.0028724
"2024-01-16 04:49:38",687.943,673.987,0.0025785
"2024-01-16 04:49:38",687.943,673.987,0.0025785
"2024-01-16 19:11:06",687.848,673.975,0.0025289
"2024-01-17 10:10:50",687.793,673.927,0.0024075
"2024-01-17 18:06:31",687.724,673.943,0.0024032
"2024-01-18 04:16:24",687.652,673.951,0.0022685
"2024-01-19 03:20:13",687.575,673.891,0.0022828
"2024-01-19 03:20:13",687.575,673.891,0.0022828
"2024-01-19 09:44:58",687.65,673.776,0.0023034
"2024-01-20 16:31:02",687.345,673.911,0.0019801
"2024-01-21 02:54:46",687.333,673.87,0.0020344
"2024-01-21 09:19:06",687.246,673.93,0.0019208
"2024-01-21 17:15:54",687.244,673.879,0.0020764
"2024-01-22 03:32:17",687.269,673.814,0.0017456
"2024-01-22 17:50:36",687.236,673.778,0.0017705
"2024-01-24 01:18:35",687.101,673.749,0.0017581
"2024-01-24 01:18:35",687.101,673.749,0.0017581
"2024-01-25 16:23:32",686.912,673.772,0.001798
"2024-01-25 16:23:32",686.912,673.772,0.001798
"2024-01-27 01:28:12",686.832,673.733,0.0015733
"2024-01-27 01:28:12",686.832,673.733,0.0015733
"2024-01-28 14:45:41",686.656,673.802,0.0012457
"2024-01-28 16:33:30",686.681,673.772,0.0012369
"2024-01-28 16:33:30",686.681,673.772,0.0012369
"2024-01-29 07:34:49",686.672,673.731,0.0013362
"2024-01-30 14:19:26",686.555,673.763,0.0011669
"2024-01-30 16:05:11",686.511,673.803,0.0011887
"2024-01-31 00:43:06",686.509,673.788,0.0010419
"2024-01-31 00:43:06",686.509,673.788,0.0010419
"2024-02-01 13:53:15",686.486,673.717,0.00095138
"2024-02-02 00:16:32",686.474,673.7,0.00097185
"2024-02-03 00:52:18",686.445,673.674,0.00089466
"2024-02-03 13:26:06",686.431,673.656,0.00096924
"2024-02-03 23:50:31",686.403,673.661,0.00092702
"2024-02-04 15:49:39",686.326,673.68,0.0011438
"2024-02-05 14:45:24",686.283,673.656,0.0012012
"2024-02-05 14:45:24",686.283,673.656,0.0012012
"2024-02-06 21:57:42",686.204,673.616,0.0014132
"2024-02-07 12:32:46",686.159,673.613,0.0013553
"2024-02-08 13:06:54",686.091,673.567,0.0015723
"2024-02-08 13:06:54",686.091,673.567,0.0015723
"2024-02-09 13:52:15",685.943,673.609,0.001584
"2024-02-10 12:42:29",685.821,673.615,0.0019275
"2024-02-10 23:06:01",685.819,673.558,0.0022293
"2024-02-10 23:06:01",685.819,673.558,0.0022293
"2024-02-12 12:15:44",685.644,673.542,0.002014
"2024-02-12 12:15:44",685.644,673.542,0.002014
"2024-02-12 22:38:47",685.598,673.534,0.0018721
"2024-02-13 05:03:08",685.589,673.497,0.002034
"2024-02-13 23:15:56",685.454,673.507,0.0023617
"2024-02-14 11:49:29",685.387,673.495,0.0024345
"2024-02-14 18:17:46",685.31,673.545,0.0022289
"2024-02-14 22:11:54",685.299,673.523,0.0023588
"2024-02-15 06:30:41",685.329,673.454,0.0020443
"2024-02-16 11:22:21",685.16,673.435,0.0024591
"2024-02-16 21:44:57",685.102,673.456,0.0019295
"2024-02-16 21:44:57",685.102,673.456,0.0019295
"2024-02-17 12:06:24",684.998,673.472,0.0020134
"2024-02-17 22:21:44",684.944,673.462,0.0020287
"2024-02-18 12:40:55",684.852,673.46,0.0022605
"2024-02-18 21:17:56",684.795,673.471,0.0021102
"2024-02-19 03:42:53",684.749,673.483,0.0020558
"2024-02-19 09:51:08",684.727,673.475,0.0019384
"2024-02-19 21:54:30",684.656,673.494,0.001569
"2024-02-20 12:13:38",684.569,673.514,0.0015579
"2024-02-20 20:50:51",684.528,673.505,0.001709
"2024-02-21 11:11:49",684.457,673.507,0.0016983
"2024-02-21 11:11:49",684.457,673.507,0.0016983
"2024-02-21 21:20:10",684.42,673.505,0.0015519
"2024-02-22 10:00:48",684.355,673.509,0.0015471
"2024-02-22 20:02:00",684.289,673.523,0.0016462
"2024-02-23 10:45:35",684.157,673.596,0.001431
"2024-02-23 20:59:53",684.189,673.492,0.0018025
"2024-02-23 20:59:53",684.189,673.492,0.0018025
"2024-02-24 11:19:02",684.069,673.544,0.0017744
"2024-02-24 19:56:35",684.001,673.558,0.0020234
"2024-02-25 04:15:02",683.958,673.553,0.0021037
"2024-02-25 20:32:29",683.861,673.548,0.0023449
"2024-02-26 03:12:17",683.823,673.551,0.0022673
"2024-02-26 09:06:05",683.811,673.525,0.0022597
"2024-02-26 19:22:20",683.773,673.504,0.0022045
"2024-02-27 11:29:11",683.63,673.56,0.0020717
"2024-02-27 20:05:06",683.64,673.509,0.0018732
"2024-02-28 10:24:23",683.599,673.485,0.0017
"2024-02-28 10:24:23",683.599,673.485,0.0017
"2024-02-29 11:01:39",683.631,673.349,0.0015247
"2024-02-29 19:37:29",683.565,673.381,0.0015241
"2024-03-01 09:56:59",683.451,673.419,0.0016599
"2024-03-03 07:43:22",683.291,673.33,0.0019457
"2024-03-03 07:43:22",683.291,673.33,0.0019457
"2024-03-04 08:19:29",683.078,673.338,0.0026201
"2024-03-04 08:19:29",683.078,673.338,0.0026201
"2024-03-04 14:48:01",682.796,673.589,0.0021844
"2024-03-05 07:16:36",682.655,673.589,0.0021151
"2024-03-06 07:52:05",682.659,673.392,0.0022332
"2024-03-07 00:38:34",682.689,673.255,0.0020329
"2024-03-07 08:34:06",682.587,673.302,0.0021106
"2024-03-08 13:53:31",682.567,673.128,0.0021013
"2024-03-08 17:46:34",682.546,673.121,0.002129
"2024-03-08 17:46:34",682.546,673.121,0.002129
"2024-03-09 18:23:00",682.402,673.105,0.002087
"2024-03-10 13:25:40",682.328,673.064,0.0019528
"2024-03-10 17:18:39",682.331,673.037,0.0019525
"2024-03-10 23:43:16",682.334,672.998,0.001922
"2024-03-11 07:39:24",682.291,672.994,0.001846
"2024-03-12 16:50:41",682.151,672.942,0.0018258
"2024-03-13 01:09:11",682.166,672.879,0.0018798
"2024-03-13 13:31:46",682.11,672.855,0.0020292
"2024-03-13 17:26:48",682.089,672.845,0.0020717
"2024-03-14 05:59:55",682.046,672.812,0.0019793
"2024-03-14 16:22:43",682.051,672.725,0.0021823
"2024-03-14 16:22:43",682.051,672.725,0.0021823
"2024-03-15 16:58:21",682.007,672.608,0.002028
"2024-03-16 07:17:16",681.963,672.568,0.0017535
"2024-03-16 15:54:42",681.963,672.52,0.0017707
"2024-03-17 06:06:46",681.941,672.467,0.0016873
"2024-03-17 06:06:46",681.941,672.467,0.0016873
"2024-03-17 16:29:59",681.928,672.422,0.0016881
"2024-03-18 06:49:00",681.861,672.415,0.0015716
"2024-03-18 21:52:20",681.888,672.28,0.0020602
"2024-03-18 21:52:20",681.888,672.28,0.0020602
"2024-03-19 05:38:35",681.869,672.222,0.0026534
"2024-03-19 05:38:35",681.869,672.222,0.0026534
"2024-03-20 06:20:43",681.708,672.145,0.002974
"2024-03-20 06:20:43",681.708,672.145,0.002974
"2024-03-20 23:15:42",681.746,671.944,0.0032266
"2024-03-21 11:38:36",681.658,671.911,0.0033248
"2024-03-22 04:06:13",681.591,671.75,0.0041506
"2024-03-22 04:06:13",681.591,671.75,0.0041506
"2024-03-23 15:04:17",681.472,671.39,0.0045562
"2024-03-23 15:04:17",681.472,671.39,0.0045562
"2024-03-24 13:38:28",681.304,671.119,0.0072887
"2024-03-24 13:38:28",681.304,671.119,0.0072887
"2024-03-24 22:18:48",681.095,670.923,0.016434
"2024-03-25 10:41:07",681.055,670.876,0.0083268
"2024-03-25 10:41:07",681.055,670.876,0.0083268
"2024-03-26 03:08:26",680.975,670.735,0.0071455
"2024-03-26 03:08:26",680.975,670.735,0.0071455
"2024-03-27 05:31:34",680.945,670.588,0.0035629
"2024-03-27 14:06:11",680.949,670.53,0.002868
"2024-03-27 14:06:11",680.949,670.53,0.002868
"2024-03-28 14:42:11",680.882,670.373,0.002695
"2024-03-28 21:21:23",680.835,670.356,0.0027753
"2024-03-29 09:43:00",680.785,670.3,0.0029003
"2024-03-29 09:43:00",680.785,670.3,0.0029003
"2024-03-29 21:55:12",680.772,670.21,0.0029063
"2024-03-30 14:05:39",680.733,670.125,0.0026103
"2024-03-30 20:51:31",680.702,670.087,0.003269
"2024-03-31 13:07:31",680.671,670.004,0.0027391
"2024-03-31 13:07:31",680.671,670.004,0.0027391
"2024-04-01 13:43:34",680.581,669.879,0.0027651
"2024-04-02 12:38:36",680.58,669.726,0.0022671
"2024-04-03 02:50:07",680.562,669.648,0.0022471
"2024-04-03 13:14:37",680.558,669.603,0.0018796
"2024-04-03 19:53:08",680.545,669.58,0.0018905
"2024-04-04 12:09:12",680.526,669.523,0.0016986
"2024-04-04 20:27:07",680.514,669.486,0.001912
"2024-04-04 20:27:07",680.514,669.486,0.001912
"2024-04-05 12:43:29",680.486,669.408,0.0021015
"2024-04-05 19:23:23",680.46,669.394,0.0020753
"2024-04-06 11:41:19",680.463,669.276,0.0021885
"2024-04-06 19:57:22",680.454,669.231,0.0022143
"2024-04-06 19:57:22",680.454,669.231,0.0022143
"2024-04-07 12:13:42",680.397,669.187,0.0020448
"2024-04-08 12:50:07",680.353,669.071,0.0022403
"2024-04-09 03:08:44",680.314,669.024,0.0022382
"2024-04-09 11:43:51",680.299,668.993,0.0020146
"2024-04-10 12:19:29",680.253,668.85,0.0022751
"2024-04-10 18:57:23",680.248,668.814,0.0022531
"2024-04-11 11:13:57",680.188,668.746,0.002373
"2024-04-11 11:13:57",680.188,668.746,0.002373
"2024-04-12 11:49:21",680.105,668.63,0.0026218
"2024-04-13 10:37:08",680.003,668.534,0.0029944
"2024-04-13 10:37:08",680.003,668.534,0.0029944
"2024-04-14 11:19:27",679.874,668.433,0.0030968
"2024-04-15 01:37:12",679.774,668.351,0.0040748
"2024-04-15 10:13:58",679.72,668.296,0.0042099
"2024-04-17 01:06:50",679.242,668.034,0.0073882
"2024-04-17 09:43:59",679.291,667.766,0.0083806
"2024-04-17 09:43:59",679.291,667.766,0.0083806
"2024-04-18 10:17:56",679.033,667.667,0.0058504
"2024-04-18 10:17:56",679.033,667.667,0.0058504
"2024-04-18 22:51:36",678.827,667.644,0.0060524
"2024-04-19 09:13:23",678.684,667.62,0.006097
"2024-04-19 23:24:46",678.286,667.428,0.014013
"2024-04-20 09:47:02",678.478,667.184,0.007043
"2024-04-20 09:47:02",678.478,667.184,0.007043
"2024-04-20 22:19:36",678.275,667.107,0.0055087
"2024-04-21 00:05:31",678.234,667.123,0.0052637
"2024-04-21 00:05:31",678.234,667.123,0.0052637
"2024-04-22 09:16:19",677.548,667.086,0.0070486
"2024-04-22 09:16:19",677.548,667.086,0.0070486
"2024-04-22 23:34:18",677.655,666.721,0.0059153
"2024-04-23 14:35:53",677.547,666.584,0.0052576
"2024-04-23 22:22:35",677.414,666.556,0.0056904
"2024-04-24 08:44:30",677.239,666.536,0.0060945
"2024-04-24 21:16:29",677.077,666.495,0.0057472
"2024-04-25 09:18:57",677.068,666.358,0.0046196
"2024-04-25 14:03:58",677.068,666.296,0.0044748
"2024-04-25 21:51:00",676.967,666.267,0.0050127
"2024-04-26 14:37:57",676.871,666.117,0.0052489
"2024-04-26 14:37:57",676.871,666.117,0.0052489
"2024-04-27 23:04:43",676.546,665.965,0.0042332
"2024-04-28 07:41:11",676.505,665.918,0.0042536
"2024-04-28 07:41:11",676.505,665.918,0.0042536
"2024-04-29 08:14:49",676.414,665.851,0.0021831
"2024-04-29 14:53:32",676.475,665.754,0.0021852
"2024-04-29 20:47:20",676.436,665.755,0.0019832
"2024-04-30 07:02:44",676.285,665.856,0.0019849
"2024-04-30 15:26:39",676.348,665.755,0.0019852
"2024-04-30 15:26:39",676.348,665.755,0.0019852
"2024-05-01 14:22:06",676.304,665.683,0.0019386
"2024-05-02 14:54:55",676.212,665.651,0.0018048
"2024-05-02 20:48:33",676.206,665.624,0.0018905
"2024-05-03 03:16:30",676.177,665.608,0.0018835
"2024-05-03 21:28:36",676.06,665.616,0.0016528
"2024-05-05 02:44:22",675.982,665.55,0.0017737
"2024-05-05 13:02:06",675.973,665.524,0.0016803
"2024-05-05 20:56:21",675.956,665.503,0.0017514
"2024-05-06 07:05:10",675.917,665.47,0.0021567
"2024-05-06 21:32:29",675.862,665.459,0.0020385
"2024-05-07 12:30:30",675.883,665.376,0.0017385
"2024-05-07 12:30:30",675.883,665.376,0.0017385
"2024-05-07 20:25:55",675.855,665.357,0.0017673
"2024-05-08 06:32:36",675.83,665.324,0.0018748
"2024-05-08 20:57:27",675.728,665.348,0.0019052
"2024-05-09 13:51:29",675.737,665.232,0.0021952
"2024-05-09 21:36:14",675.696,665.219,0.0025439
"2024-05-10 12:46:17",675.664,665.159,0.0024367
"2024-05-10 18:39:43",675.644,665.129,0.0026418
"2024-05-11 13:19:06",675.388,664.769,0.0091349
"2024-05-11 13:19:06",675.388,664.769,0.0091349
"2024-05-12 05:34:50",675.219,664.596,0.0043992
"2024-05-12 05:34:50",675.219,664.596,0.0043992
"2024-05-12 19:52:24",675.017,664.68,0.0029236
"2024-05-13 04:07:06",675.001,664.647,0.0024992
"2024-05-13 12:46:23",675.1,664.474,0.0027768
"2024-05-13 18:39:58",675.068,664.464,0.0024455
"2024-05-14 05:01:39",674.981,664.481,0.0023244
"2024-05-15 18:07:12",674.84,664.329,0.0028967
"2024-05-15 18:07:12",674.84,664.329,0.0028967
"2024-05-16 12:46:23",674.62,664.326,0.0040487
"2024-05-16 12:46:23",674.62,664.326,0.0040487
"2024-05-17 11:40:41",674.52,664.219,0.0027756
"2024-05-17 11:40:41",674.52,664.219,0.0027756
"2024-05-18 03:55:47",674.596,663.894,0.0039286
"2024-05-18 12:13:14",674.463,663.919,0.0038855
"2024-05-18 19:55:34",674.442,663.827,0.0038753
"2024-05-19 04:22:18",674.372,663.808,0.0027003
"2024-05-19 18:46:29",674.332,663.667,0.0033743
"2024-05-19 18:46:29",674.332,663.667,0.0033743
"2024-05-21 03:55:58",674.078,663.606,0.00276
"2024-05-21 18:15:26",674.062,663.487,0.0025095
"2024-05-21 18:15:26",674.062,663.487,0.0025095
"2024-05-23 03:21:53",673.921,663.351,0.0023115
"2024-05-24 03:56:03",673.913,663.125,0.0027044
"2024-05-24 03:56:03",673.913,663.125,0.0027044
"2024-05-24 22:54:27",673.981,662.883,0.002591
"2024-05-25 15:19:47",673.714,663.025,0.0021022
"2024-05-25 17:06:11",673.773,662.935,0.0021635
"2024-05-26 03:22:03",673.721,662.906,0.0022485
"2024-05-26 22:20:50",673.716,662.803,0.0019717
"2024-05-27 02:07:27",673.705,662.789,0.0019834
"2024-05-28 09:26:16",673.64,662.673,0.0018327
"2024-05-28 09:26:16",673.64,662.673,0.0018327
"2024-05-29 01:33:33",673.565,662.67,0.0015822
"2024-06-01 01:39:43",673.333,662.428,0.0021353
"2024-06-01 01:39:43",673.333,662.428,0.0021353
"2024-06-02 14:44:02",673.11,662.386,0.0021925
"2024-06-03 01:05:49",673.082,662.326,0.0025087
"2024-06-03 13:36:49",673.097,662.204,0.0027645
"2024-06-04 08:16:32",672.985,662.104,0.0036475
"2024-06-04 14:09:58",672.951,662.088,0.0034773
"2024-06-04 20:37:31",672.924,662.043,0.0035498
"2024-06-05 08:48:35",672.872,661.982,0.003152
"2024-06-05 08:48:35",672.872,661.982,0.003152
"2024-06-06 07:42:32",672.728,661.849,0.0036918
"2024-06-06 07:42:32",672.728,661.849,0.0036918
"2024-06-07 08:14:31",672.586,661.732,0.0032438
"2024-06-08 00:29:32",672.431,661.602,0.0048212
"2024-06-08 13:00:45",672.36,661.528,0.0041767
"2024-06-08 13:00:45",672.36,661.528,0.0041767
"2024-06-09 21:53:44",672.195,661.278,0.0042301
"2024-06-09 23:56:20",672.16,661.284,0.0043334
"2024-06-10 22:42:18",671.972,661.205,0.004549
"2024-06-10 22:42:18",671.972,661.205,0.004549
"2024-06-11 07:05:13",671.934,661.139,0.0044068
"2024-06-11 23:19:46",671.843,661.055,0.0037852
"2024-06-11 23:19:46",671.843,661.055,0.0037852
"2024-06-12 13:37:24",671.777,660.984,0.0028123
"2024-06-13 12:23:48",671.676,660.864,0.0027347
"2024-06-13 14:09:07",671.662,660.863,0.0027555
"2024-06-14 14:43:37",671.49,660.809,0.0029097
"2024-06-14 23:17:23",671.443,660.777,0.0029505
"2024-06-15 11:48:39",671.358,660.732,0.0031416
"2024-06-15 22:10:26",671.264,660.679,0.0039459
"2024-06-16 06:27:19",671.205,660.657,0.0038798
"2024-06-16 22:35:22",671.099,660.605,0.0034758
"2024-06-17 12:58:55",671.048,660.541,0.0029619
"2024-06-18 11:45:20",670.93,660.456,0.0029691
"2024-06-18 18:12:53",670.913,660.413,0.0030211
"2024-06-19 12:23:44",670.82,660.358,0.0025797
"2024-06-20 11:10:04",670.674,660.304,0.0024664
"2024-06-20 17:37:16",670.627,660.278,0.0027594
"2024-06-20 17:37:16",670.627,660.278,0.0027594
"2024-06-21 22:03:23",670.488,660.16,0.0028452
"2024-06-22 12:19:55",670.444,660.097,0.0027357
"2024-06-22 20:55:39",670.395,660.074,0.0028193
"2024-06-22 20:55:39",670.395,660.074,0.0028193
"2024-06-23 21:21:00",670.138,660.113,0.0031081
"2024-06-24 11:44:11",670.083,660.043,0.0029855
"2024-06-27 16:22:02",669.469,659.8,0.0037729
"2024-06-27 16:22:02",669.469,659.8,0.0037729
"2024-06-28 20:40:33",669.064,659.709,0.005842
"2024-06-28 20:40:33",669.064,659.709,0.005842
"2024-06-29 11:03:55",668.988,659.558,0.0049508
"2024-06-29 19:31:56",668.882,659.548,0.0049752
"2024-06-29 19:31:56",668.882,659.548,0.0049752
"2024-06-30 11:38:20",668.771,659.445,0.0043393
"2024-06-30 20:11:13",668.634,659.456,0.0046333
"2024-07-01 02:49:26",668.555,659.452,0.004452
"2024-07-01 15:09:44",668.508,659.366,0.0038827
"2024-07-01 18:56:40",668.452,659.375,0.0039228
"2024-07-02 09:23:19",668.37,659.301,0.00313
"2024-07-02 09:23:19",668.37,659.301,0.00313
"2024-07-02 19:27:16",668.268,659.293,0.0033841
"2024-07-03 08:05:23",668.302,659.12,0.002905
"2024-07-04 08:37:05",667.968,659.206,0.002891
"2024-07-04 18:57:49",667.831,659.249,0.0029596
"2024-07-04 18:57:49",667.831,659.249,0.0029596
"2024-07-05 09:14:41",667.722,659.18,0.0030355
"2024-07-05 19:22:25",667.61,659.184,0.0032707
"2024-07-05 19:22:25",667.61,659.184,0.0032707
"2024-07-06 14:27:46",667.542,659.099,0.0024873
"2024-07-06 18:21:09",667.535,659.075,0.0023848
"2024-07-06 18:21:09",667.535,659.075,0.0023848
"2024-07-07 06:51:31",667.439,659.052,0.0024703
"2024-07-07 18:54:43",667.364,659.012,0.0026406
"2024-07-08 13:50:54",667.213,659.004,0.0026588
"2024-07-09 18:15:31",667.007,658.964,0.0024711
"2024-07-10 13:14:10",666.838,658.98,0.0024674
"2024-07-10 13:14:10",666.838,658.98,0.0024674
"2024-07-11 09:04:05",666.691,658.97,0.0025098
"2024-07-11 17:38:15",666.647,658.938,0.002594
"2024-07-12 12:37:22",666.516,658.904,0.0027621
"2024-07-12 16:24:52",666.529,658.858,0.0027737
"2024-07-12 16:24:52",666.529,658.858,0.0027737
"2024-07-13 13:07:45",666.383,658.838,0.002731
"2024-07-13 17:01:07",666.367,658.82,0.0027679
"2024-07-14 17:32:28",666.194,658.765,0.0030033
"2024-07-14 17:32:28",666.194,658.765,0.0030033
"2024-07-15 12:30:38",666.019,658.76,0.0030735
"2024-07-15 16:24:06",665.976,658.766,0.0030687
"2024-07-16 16:48:14",665.768,658.722,0.0031829
"2024-07-17 05:25:40",665.641,658.714,0.0029779
"2024-07-17 11:53:24",665.573,658.673,0.003789
"2024-07-17 15:40:43",665.542,658.658,0.0038124
"2024-07-18 05:56:33",665.431,658.624,0.0035069
"2024-07-18 12:23:43",665.315,658.672,0.0036928
"2024-07-18 22:39:43",665.212,658.658,0.0036534
"2024-07-19 11:16:06",665.149,658.605,0.0033687
"2024-07-20 05:18:59",665.02,658.563,0.0026626
"2024-07-20 11:46:04",664.956,658.581,0.0027106
"2024-07-21 14:24:58",664.7,658.572,0.0029354
"2024-07-21 16:03:47",664.704,658.552,0.0029311
"2024-07-22 04:41:11",664.588,658.56,0.0028888
"2024-07-22 04:41:11",664.588,658.56,0.0028888
"2024-07-23 15:32:19",664.367,658.487,0.0027298
"2024-07-24 05:48:30",664.275,658.502,0.0022525
"2024-07-24 12:21:51",664.216,658.531,0.0021359
"2024-07-25 06:20:12",664.138,658.516,0.0019196
"2024-07-25 12:53:06",664.107,658.515,0.0018628
"2024-07-25 14:54:39",664.084,658.528,0.0018454
"2024-07-26 05:10:48",664.033,658.499,0.0019394
"2024-07-26 22:02:45",663.927,658.504,0.0019188
"2024-07-27 05:43:15",663.928,658.465,0.001704
"2024-07-27 14:16:14",663.871,658.466,0.0018101
"2024-07-28 04:34:11",663.804,658.481,0.0012478
"2024-07-28 14:47:00",663.765,658.465,0.0013346
"2024-07-29 13:38:24",663.595,658.528,0.0015453
"2024-07-29 21:54:52",663.496,658.59,0.0015603
"2024-07-30 05:34:25",663.53,658.521,0.0015895
"2024-07-30 14:08:32",663.471,658.513,0.0021572
"2024-07-30 20:46:53",663.446,658.518,0.0019096
"2024-07-31 12:38:15",663.372,658.532,0.0016213
"2024-08-01 13:30:40",663.241,658.518,0.0018267
"2024-08-01 13:30:40",663.241,658.518,0.0018267
"2024-08-02 14:01:21",663.112,658.517,0.0017027
"2024-08-03 12:44:07",663,658.505,0.00168
"2024-08-04 04:48:30",662.923,658.481,0.0019475
"2024-08-04 13:22:42",662.89,658.446,0.0022285
"2024-08-04 20:00:09",662.771,658.42,0.0043433
"2024-08-04 20:00:09",662.771,658.42,0.0043433
"2024-08-05 12:15:30",662.755,658.417,0.0020421
"2024-08-05 20:30:20",662.724,658.396,0.0018697
"2024-08-06 12:36:29",662.616,658.402,0.0016711
"2024-08-07 01:14:22",662.516,658.427,0.0017497
"2024-08-07 01:14:22",662.516,658.427,0.0017497
"2024-08-09 00:35:25",662.259,658.301,0.0028433
"2024-08-09 12:36:00",662.205,658.25,0.0026194
"2024-08-09 19:13:35",662.207,658.185,0.0026762
"2024-08-10 11:26:44",662.063,658.138,0.0029117
"2024-08-10 17:50:46",662.064,658.045,0.0033332
"2024-08-10 17:50:46",662.064,658.045,0.0033332
"2024-08-11 11:56:50",661.874,657.93,0.0046041
"2024-08-11 11:56:50",661.874,657.93,0.0046041
"2024-08-12 10:26:02",661.621,657.809,0.0040768
"2024-08-12 10:26:02",661.621,657.809,0.0040768
"2024-08-12 19:04:18",661.454,657.544,0.0096174
"2024-08-12 19:04:18",661.454,657.544,0.0096174
"2024-08-13 02:43:40",661.277,657.362,0.013465
"2024-08-13 07:24:07",661.385,657.454,0.0041978
"2024-08-13 07:24:07",661.385,657.454,0.0041978
"2024-08-15 02:04:46",661.068,657.023,0.0036153
"2024-08-15 10:31:51",661.078,656.884,0.0040805
"2024-08-15 18:54:55",660.984,656.847,0.004265
"2024-08-15 18:54:55",660.984,656.847,0.004265
"2024-08-17 01:23:42",660.712,656.604,0.005141
"2024-08-17 07:57:10",660.661,656.594,0.0042247
"2024-08-17 07:57:10",660.661,656.594,0.0042247
"2024-08-18 01:54:53",660.505,656.398,0.0060324
"2024-08-18 01:54:53",660.505,656.398,0.0060324
"2024-08-18 22:58:36",660.401,656.13,0.0052826
"2024-08-19 09:11:18",660.373,656.02,0.0044085
"2024-08-19 09:11:18",660.373,656.02,0.0044085
"2024-08-20 07:47:23",660.207,655.812,0.0051685
"2024-08-20 07:47:23",660.207,655.812,0.0051685
"2024-08-21 10:20:00",660.064,655.499,0.0053538
"2024-08-22 09:08:22",659.953,655.272,0.0052905
"2024-08-22 17:24:34",659.911,655.187,0.0051499
"2024-08-22 17:24:34",659.911,655.187,0.0051499
"2024-08-23 09:37:46",659.822,655.02,0.0051965
"2024-08-23 23:53:07",659.75,654.909,0.0044472
"2024-08-24 08:06:26",659.708,654.829,0.0048493
"2024-08-24 16:44:18",659.729,654.676,0.0049673
"2024-08-25 08:57:01",659.586,654.567,0.0047788
"2024-08-25 23:12:51",659.568,654.391,0.0040849
"2024-08-26 16:04:04",659.548,654.18,0.0043696
"2024-08-26 16:04:04",659.548,654.18,0.0043696
"2024-08-27 08:08:46",659.374,654.099,0.0046957
"2024-08-28 04:51:33",659.233,653.83,0.0069375
"2024-08-28 04:51:33",659.233,653.83,0.0069375
"2024-08-29 15:51:39",658.913,653.358,0.0065309
"2024-08-30 07:56:29",658.819,653.174,0.0057248
"2024-08-30 07:56:29",658.819,653.174,0.0057248
"2024-08-31 06:32:38",658.405,652.727,0.016042
"2024-08-31 06:32:38",658.405,652.727,0.016042
"2024-08-31 22:51:05",658.413,652.541,0.0076225
"2024-09-01 05:21:37",658.337,652.422,0.0083202
"2024-09-01 05:21:37",658.337,652.422,0.0083202
"2024-09-02 07:44:07",658.013,652.084,0.0074537
"2024-09-02 07:44:07",658.013,652.084,0.0074537
"2024-09-02 22:06:23",657.917,651.804,0.0081125
"2024-09-03 06:41:51",657.839,651.686,0.0076937
"2024-09-03 22:36:36",657.558,651.475,0.0089773
"2024-09-04 07:11:50",657.466,651.335,0.0087691
"2024-09-05 07:38:59",657.206,650.792,0.0092481
"2024-09-06 06:26:50",656.968,650.285,0.0091383
"2024-09-06 06:26:50",656.968,650.285,0.0091383
"2024-09-07 06:57:20",656.318,650.122,0.0098968
"2024-09-07 06:57:20",656.318,650.122,0.0098968
"2024-09-07 19:24:39",656.145,649.908,0.010992
"2024-09-08 01:51:35",656.158,649.643,0.011351
"2024-09-08 21:39:05",655.911,649.267,0.0098997
"2024-09-09 06:11:55",655.847,649.028,0.0097281
"2024-09-09 20:26:17",655.491,648.897,0.009811
"2024-09-10 13:17:51",655.447,648.358,0.009584
"2024-09-11 11:50:24",655.076,648.097,0.0078962
"2024-09-11 11:50:24",655.076,648.097,0.0078962
"2024-09-12 12:32:14",654.474,647.707,0.028618
"2024-09-12 12:32:14",654.474,647.707,0.028618
"2024-09-13 04:45:41",654.18,647.304,0.014073
"2024-09-13 18:51:47",653.543,647.375,0.012382
"2024-09-14 05:11:13",653.749,646.774,0.016046
"2024-09-14 19:25:10",653.718,646.534,0.0074267
"2024-09-15 19:57:15",653.553,646.123,0.0082545
"2024-09-16 04:27:49",653.377,646.128,0.006392
"2024-09-16 10:48:29",653.378,645.999,0.006906
"2024-09-17 04:53:17",652.955,645.627,0.017648
"2024-09-17 11:30:09",652.87,645.221,0.024391
"2024-09-17 19:06:49",652.95,644.86,0.035027
"2024-09-17 19:06:49",652.95,644.86,0.035027
"2024-09-18 03:43:59",652.631,645.507,0.0083879
"2024-09-18 03:43:59",652.631,645.507,0.0083879
"2024-09-18 19:35:13",652.711,645.244,0.0047832
"2024-09-18 19:35:13",652.711,645.244,0.0047832
"2024-09-19 10:29:01",652.508,645.182,0.0055132
"2024-09-20 04:36:54",652.501,644.898,0.0048544
"2024-09-20 17:03:01",652.447,644.767,0.0042758
"2024-09-21 03:21:46",652.373,644.686,0.0047589
"2024-09-21 09:44:43",652.249,644.711,0.0050042
"2024-09-22 03:41:33",652.251,644.494,0.0046591
"2024-09-22 10:25:25",652.282,644.38,0.004291
"2024-09-22 22:43:18",652.213,644.293,0.0043098
"2024-09-22 22:43:18",652.213,644.293,0.0043098
"2024-09-23 10:51:16",652.095,644.223,0.0060546
"2024-09-23 23:09:14",651.981,643.998,0.0099396
"2024-09-24 03:02:04",651.861,644.01,0.010139
"2024-09-24 09:23:52",651.981,643.99,0.0046695
"2024-09-24 09:23:52",651.981,643.99,0.0046695
"2024-09-25 03:21:59",651.826,643.773,0.005593
"2024-09-25 10:05:25",651.779,643.626,0.0067452
"2024-09-25 15:57:17",651.701,643.574,0.00668
"2024-09-25 22:23:08",651.591,643.523,0.0070993
"2024-09-26 08:39:22",651.415,643.447,0.0070505
"2024-09-27 09:19:25",651.256,643.137,0.0051796
"2024-09-27 15:10:24",651.215,643.051,0.0054199
"2024-09-28 09:44:12",651.023,642.907,0.0045826
"2024-09-28 15:36:45",650.986,642.822,0.0048137
"2024-09-29 01:55:13",650.849,642.698,0.0063832
"2024-09-29 08:17:25",650.792,642.64,0.0057659
"2024-09-30 08:58:03",650.552,642.191,0.0076892
"2024-09-30 14:49:40",650.442,642.192,0.0063344
"2024-10-01 09:22:51",650.186,641.939,0.0073927
"2024-10-01 09:22:51",650.186,641.939,0.0073927
"2024-10-02 07:54:59",649.954,641.586,0.0076405
"2024-10-03 01:52:33",649.562,641.382,0.011184
"2024-10-03 08:35:45",649.61,641.295,0.0070815
"2024-10-03 16:12:37",649.446,641.249,0.0072358
"2024-10-03 16:12:37",649.446,641.249,0.0072358
"2024-10-04 00:48:25",649.306,641.055,0.0096955
"2024-10-04 00:48:25",649.306,641.055,0.0096955
"2024-10-05 01:11:35",648.894,640.698,0.010713
"2024-10-05 07:48:11",648.839,640.536,0.01018
"2024-10-05 15:24:41",648.814,640.382,0.0084924
"2024-10-05 15:24:41",648.814,640.382,0.0084924
"2024-10-06 08:12:56",648.602,640.138,0.007556
"2024-10-06 20:30:17",648.473,639.931,0.0087513
"2024-10-06 20:30:17",648.473,639.931,0.0087513
"2024-10-07 06:45:18",648.165,639.841,0.011506
"2024-10-08 00:48:31",647.907,639.487,0.0087716
"2024-10-08 07:24:41",647.469,639.07,0.047814
"2024-10-08 15:01:05",647.577,638.953,0.02586
"2024-10-08 19:41:49",647.588,639.094,0.0079686
"2024-10-08 19:41:49",647.588,639.094,0.0079686
"2024-10-10 00:01:51",647.233,638.798,0.0057342
"2024-10-10 00:01:51",647.233,638.798,0.0057342
"2024-10-11 12:51:53",646.857,637.787,0.014272
"2024-10-11 12:51:53",646.857,637.787,0.014272
"2024-10-11 19:17:07",646.69,637.631,0.012565
"2024-10-12 13:25:02",646.622,637.58,0.0053298
"2024-10-12 13:25:02",646.622,637.58,0.0053298
"2024-10-13 12:01:46",646.47,637.409,0.0047104
"2024-10-13 12:01:46",646.47,637.409,0.0047104
"2024-10-13 13:46:58",646.446,637.407,0.0047599
"2024-10-14 12:26:34",646.365,637.211,0.0039427
"2024-10-14 12:26:34",646.365,637.211,0.0039427
"2024-10-15 12:59:28",646.194,637.01,0.0046018
"2024-10-15 23:08:50",646.205,636.831,0.0049008
"2024-10-16 11:36:30",646.088,636.749,0.0047641
"2024-10-16 11:36:30",646.088,636.749,0.0047641
"2024-10-17 06:08:45",646.019,636.526,0.0047552
"2024-10-17 22:18:22",645.904,636.412,0.0046525
"2024-10-18 04:39:52",645.912,636.281,0.0056176
"2024-10-18 06:32:52",645.905,636.251,0.005903
"2024-10-18 22:42:59",645.868,635.961,0.0083529
"2024-10-19 05:18:39",645.758,635.938,0.009407
"2024-10-19 12:58:16",645.718,635.833,0.0097909
"2024-10-19 21:29:08",645.71,635.752,0.0084376
"2024-10-19 21:29:08",645.71,635.752,0.0084376
"2024-10-20 13:20:16",645.608,635.552,0.0087688
"2024-10-20 13:20:16",645.608,635.552,0.0087688
"2024-10-20 21:51:57",645.695,635.428,0.0071746
"2024-10-20 21:51:57",645.695,635.428,0.0071746
"2024-10-21 10:19:04",645.655,635.362,0.0038616
"2024-10-21 10:19:04",645.655,635.362,0.0038616
"2024-10-21 22:16:55",645.672,635.094,0.0061273
"2024-10-21 22:16:55",645.672,635.094,0.0061273
"2024-10-22 12:28:19",645.622,635.03,0.0036813
"2024-10-22 12:28:19",645.622,635.03,0.0036813
"2024-10-22 21:01:28",645.724,634.768,0.0043708
"2024-10-23 05:15:24",645.58,634.772,0.0040381
"2024-10-23 05:15:24",645.58,634.772,0.0040381
"2024-10-23 21:25:18",645.529,634.534,0.0042727
"2024-10-24 11:37:22",645.388,634.375,0.0054358
"2024-10-24 11:37:22",645.388,634.375,0.0054358
"2024-10-25 20:36:58",645.363,633.847,0.0046842
"2024-10-25 20:36:58",645.363,633.847,0.0046842
"2024-10-26 04:48:03",645.326,633.723,0.0049086
"2024-10-26 20:57:40",645.227,633.445,0.0066077
"2024-10-26 20:57:40",645.227,633.445,0.0066077
"2024-10-27 11:09:42",645.114,633.175,0.0069155
"2024-10-27 21:22:48",645.113,632.898,0.0073409
"2024-10-28 09:48:29",645.023,632.69,0.0066547
"2024-10-28 20:05:52",644.955,632.463,0.0075355
"2024-10-28 20:05:52",644.955,632.463,0.0075355
"2024-10-30 08:56:22",644.703,631.71,0.0076866
"2024-10-30 15:21:29",644.718,631.54,0.007271
"2024-10-31 09:19:57",644.684,631.07,0.006775
"2024-10-31 19:36:56",644.539,630.943,0.0062214
"2024-11-01 19:53:30",644.445,630.261,0.0069211
"2024-11-01 19:53:30",644.445,630.261,0.0069211
"2024-11-02 14:51:59",644.244,629.979,0.0072307
"2024-11-03 02:58:16",644.172,629.607,0.0083607
"2024-11-03 15:14:27",644.006,629.424,0.0061888
"2024-11-03 15:14:27",644.006,629.424,0.0061888
"2024-11-04 09:21:36",643.992,628.865,0.0088473
"2024-11-04 09:21:36",643.992,628.865,0.0088473
"2024-11-04 19:23:21",643.817,628.781,0.0063648
"2024-11-04 19:23:21",643.817,628.781,0.0063648
"2024-11-05 14:21:28",643.682,628.441,0.0063985
"2024-11-06 08:19:00",643.576,628.049,0.0069656
"2024-11-06 14:43:24",643.493,627.963,0.0063832
"2024-11-07 08:47:53",643.432,627.574,0.0056156
"2024-11-07 18:59:25",643.2,627.569,0.0059742
"2024-11-07 18:59:25",643.2,627.569,0.0059742
"2024-11-08 09:10:06",643.149,627.241,0.0065862
"2024-11-08 09:10:06",643.149,627.241,0.0065862
"2024-11-09 01:56:06",643.016,627.016,0.006194
"2024-11-09 07:47:12",642.975,626.834,0.0076858
"2024-11-09 14:12:09",642.847,626.612,0.012179
"2024-11-09 14:12:09",642.847,626.612,0.012179
"2024-11-10 06:31:28",642.758,626.387,0.0073122
"2024-11-10 06:31:28",642.758,626.387,0.0073122
"2024-11-10 08:16:03",642.758,626.375,0.0063303
"2024-11-11 06:53:22",642.59,626.018,0.0058038
"2024-11-11 06:53:22",642.59,626.018,0.0058038
"2024-11-12 13:39:31",642.543,625.56,0.0039616
"2024-11-12 13:39:31",642.543,625.56,0.0039616
"2024-11-13 05:58:19",642.455,625.403,0.0037602
"2024-11-14 08:05:04",642.124,625.38,0.0032298
"2024-11-14 08:05:04",642.124,625.38,0.0032298
"2024-11-15 13:06:22",642.473,624.579,0.0041263
"2024-11-15 16:59:17",642.293,624.693,0.0043502
"2024-11-16 05:25:21",642.038,624.746,0.0037492
"2024-11-17 22:25:46",641.856,624.471,0.0027702
"2024-11-18 06:07:39",641.894,624.349,0.0025071
"2024-11-18 06:07:39",641.894,624.349,0.0025071
"2024-11-19 06:39:56",642.021,623.897,0.0033334
"2024-11-19 06:39:56",642.021,623.897,0.0033334
"2024-11-20 05:13:37",641.804,623.772,0.0035528
"2024-11-20 05:13:37",641.804,623.772,0.0035528
"2024-11-22 06:02:42",641.44,623.29,0.0047463
"2024-11-22 06:02:42",641.44,623.29,0.0047463
"2024-11-23 04:39:20",641.99,622.286,0.0052699
"2024-11-23 21:17:56",640.541,623.414,0.0049851
"2024-11-23 21:17:56",640.541,623.414,0.0049851
"2024-11-24 15:17:11",640.679,622.884,0.0049068
"2024-11-24 15:17:11",640.679,622.884,0.0049068
"2024-11-26 04:04:43",640.545,622.089,0.0063147
"2024-11-26 10:28:34",640.061,622.394,0.0064767
"2024-11-27 12:41:41",639.717,622.105,0.0061261
"2024-11-29 03:28:41",638.93,621.833,0.0065481
"2024-11-29 13:45:04",638.716,621.76,0.0069432
"2024-11-30 10:12:56",638.378,621.456,0.0083065
"2024-11-30 14:05:46",638.429,621.332,0.0057328
"2024-11-30 14:05:46",638.429,621.332,0.0057328
"2024-12-01 21:01:10",637.858,621.098,0.0061986
"2024-12-02 09:16:07",637.74,620.882,0.0063583
"2024-12-02 21:21:13",637.55,620.783,0.00572
"2024-12-03 11:28:28",637.212,620.719,0.0065631
"2024-12-03 13:28:39",637.147,620.725,0.0057463
"2024-12-04 13:50:01",636.692,620.559,0.0050546
"2024-12-04 20:23:44",636.661,620.441,0.0055032
"2024-12-05 03:58:57",636.498,620.372,0.0062091
"2024-12-06 02:34:15",636.167,620.151,0.0053438
"2024-12-06 12:50:52",636.039,620.04,0.005496
"2024-12-07 03:00:52",635.801,619.938,0.0053292
"2024-12-07 03:00:52",635.801,619.938,0.0053292
"2024-12-07 19:45:37",635.44,619.88,0.0059144
"2024-12-08 03:20:30",635.292,619.834,0.0058462
"2024-12-08 11:52:43",635.17,619.748,0.0059042
"2024-12-08 20:04:58",635.022,619.69,0.006001
"2024-12-09 12:11:53",634.765,619.506,0.0065274
"2024-12-09 12:11:53",634.765,619.506,0.0065274
"2024-12-10 12:32:13",634.347,619.256,0.0066777
"2024-12-10 19:06:25",634.29,619.211,0.0053417
"2024-12-11 02:41:23",634.171,619.179,0.0048429
"2024-12-11 07:20:55",634.058,619.172,0.0052752
"2024-12-12 11:32:40",633.706,618.956,0.0049244
"2024-12-12 11:32:40",633.706,618.956,0.0049244
"2024-12-13 11:45:21",633.396,618.84,0.0044973
"2024-12-15 10:54:38",632.678,618.518,0.0064305
"2024-12-15 10:54:38",632.678,618.518,0.0064305
"2024-12-16 23:34:44",632.005,618.389,0.0054491
"2024-12-16 23:34:44",632.005,618.389,0.0054491
"2024-12-17 18:04:50",631.822,618.072,0.0070313
"2024-12-17 18:04:50",631.822,618.072,0.0070313
"2024-12-18 06:19:00",631.613,617.987,0.0062367
"2024-12-18 16:31:21",631.485,617.916,0.0052465
"2024-12-18 16:31:21",631.485,617.916,0.0052465
"2024-12-19 22:55:24",630.977,617.812,0.0046054
"2024-12-20 00:39:26",630.936,617.82,0.0045529
"2024-12-20 00:39:26",630.936,617.82,0.0045529
"2024-12-20 17:23:22",630.825,617.594,0.0047122
"2024-12-20 23:14:26",630.724,617.528,0.0054112
"2024-12-21 09:29:26",630.551,617.483,0.005452
"2024-12-22 09:48:13",630.217,617.189,0.0060581
"2024-12-22 23:57:30",629.93,617.103,0.0062799
"2024-12-22 23:57:30",629.93,617.103,0.0062799
"2024-12-24 08:47:07",629.435,616.682,0.0069383
"2024-12-24 08:47:07",629.435,616.682,0.0069383
"2024-12-24 16:59:29",629.298,616.601,0.0066021
"2024-12-25 08:59:00",629.025,616.383,0.0069281
"2024-12-25 23:14:40",628.642,616.383,0.0062982
"2024-12-25 23:14:40",628.642,616.383,0.0062982
"2024-12-26 21:48:17",628.283,616.139,0.0068723
"2024-12-26 23:32:48",628.243,616.13,0.0067383
"2024-12-27 16:15:50",628.125,615.82,0.006834
"2024-12-27 23:51:55",628.007,615.734,0.0065771
"2024-12-28 08:21:32",627.962,615.538,0.0062604
"2024-12-29 21:04:21",627.154,615.238,0.0075478
"2024-12-30 03:27:44",626.99,615.224,0.0070789
"2024-12-30 03:27:44",626.99,615.224,0.0070789
"2024-12-30 21:22:26",627.008,614.676,0.0072279
"2024-12-31 03:44:54",626.834,614.673,0.0068695
"2024-12-31 03:44:54",626.834,614.673,0.0068695
"2025-01-01 20:17:10",625.973,614.019,0.0092114
"2025-01-03 02:59:32",625.571,613.372,0.0058251
"2025-01-03 02:59:32",625.571,613.372,0.0058251
"2025-01-05 07:18:25",625.082,612.563,0.0047159
"2025-01-05 07:18:25",625.082,612.563,0.0047159
"2025-01-05 19:49:46",624.893,612.545,0.0043294
"2025-01-06 06:04:55",624.693,612.488,0.0049711
"2025-01-06 21:52:11",624.605,612.319,0.0038918
"2025-01-06 21:52:11",624.605,612.319,0.0038918
"2025-01-07 06:23:06",624.562,612.248,0.0036148
"2025-01-07 06:23:06",624.562,612.248,0.0036148
"2025-01-08 06:32:13",624.366,612.104,0.0032839
"2025-01-09 06:57:54",624.225,611.982,0.0025732
"2025-01-09 06:57:54",624.225,611.982,0.0025732
"2025-01-10 05:37:17",624.131,611.826,0.0025456
"2025-01-11 01:59:02",623.931,611.781,0.0026237
"2025-01-11 19:59:18",623.82,611.721,0.0018752
"2025-01-11 19:59:18",623.82,611.721,0.0018752
"2025-01-12 12:41:37",623.81,611.586,0.0019676
"2025-01-12 20:15:56",623.78,611.558,0.0019752
"2025-01-13 04:46:34",623.718,611.55,0.0019371
"2025-01-13 18:48:08",623.681,611.469,0.0018805
"2025-01-14 05:02:52",623.641,611.393,0.0021265
"2025-01-15 05:19:59",623.502,611.318,0.0020577
"2025-01-16 01:57:36",623.376,611.281,0.0017886
"2025-01-16 17:59:54",623.338,611.166,0.0019313
"2025-01-16 17:59:54",623.338,611.166,0.0019313
"2025-01-17 04:14:41",623.279,611.129,0.0020417
"2025-01-17 18:25:14",623.191,611.078,0.0022196
"2025-01-18 04:31:23",623.137,611.015,0.0024242
"2025-01-18 11:05:50",623.055,611.05,0.0022113
"2025-01-18 18:39:32",623.054,610.987,0.0020672
"2025-01-19 04:49:42",623.027,610.924,0.0019649
"2025-01-19 04:49:42",623.027,610.924,0.0019649
"2025-01-19 18:55:53",622.976,610.838,0.0022457
"2025-01-20 03:26:25",622.911,610.807,0.002456
"2025-01-20 19:14:20",622.815,610.76,0.0022852
"2025-01-21 03:42:35",622.77,610.696,0.0025057
"2025-01-21 03:42:35",622.77,610.696,0.0025057
"2025-01-21 17:52:22",622.743,610.589,0.0021876
"2025-01-22 03:59:29",622.699,610.532,0.0021458
"2025-01-23 02:39:44",622.556,610.469,0.0020244
"2025-01-23 02:39:44",622.556,610.469,0.0020244
"2025-01-23 16:39:14",622.487,610.416,0.0019382
"2025-01-24 02:53:39",622.422,610.361,0.0022239
"2025-01-24 18:49:27",622.347,610.275,0.0022366
"2025-01-24 18:49:27",622.347,610.275,0.0022366
"2025-01-25 03:10:08",622.329,610.223,0.0019683
"2025-01-25 09:44:21",622.348,610.152,0.0018498
"2025-01-26 03:28:39",622.235,610.115,0.0017133
"2025-01-26 03:28:39",622.235,610.115,0.0017133
"2025-01-26 17:34:14",622.156,610.088,0.001658
"2025-01-27 02:04:37",622.095,610.084,0.0016556
"2025-01-28 02:20:39",622.084,609.886,0.0018625
"2025-01-28 02:20:39",622.084,609.886,0.0018625
"2025-01-29 02:39:54",622.007,609.698,0.0021961
"2025-01-29 15:00:29",621.862,609.723,0.0019818
"2025-01-29 23:14:19",621.682,609.812,0.0020481
"2025-01-30 15:17:09",621.728,609.601,0.0020003
"2025-01-31 01:30:56",621.678,609.562,0.0018969
"2025-01-31 09:42:25",621.7,609.45,0.0021466
"2025-01-31 21:55:15",621.587,609.447,0.0021412
"2025-02-01 01:40:14",621.521,609.476,0.0021262
"2025-02-01 14:10:25",621.446,609.375,0.0027094
"2025-02-01 14:10:25",621.446,609.375,0.0027094
"2025-02-02 14:26:43",621.321,609.163,0.0027195
"2025-02-02 14:26:43",621.321,609.163,0.0027195
"2025-02-03 07:01:57",621.236,609.015,0.002601
"2025-02-04 00:57:08",621.064,608.972,0.0024224
"2025-02-04 00:57:08",621.064,608.972,0.0024224
"2025-02-05 13:36:12",620.948,608.663,0.00254
"2025-02-05 13:36:12",620.948,608.663,0.00254
"2025-02-06 15:37:23",620.827,608.463,0.0027029
"2025-02-07 06:26:03",620.777,608.337,0.0025235
"2025-02-07 06:26:03",620.777,608.337,0.0025235
"2025-02-08 12:45:09",620.456,608.306,0.0023447
"2025-02-09 00:40:01",620.373,608.226,0.0027041
"2025-02-09 19:24:04",620.104,608.263,0.0028453
"2025-02-10 13:17:03",620.08,607.94,0.0035042
"2025-02-10 13:17:03",620.08,607.94,0.0035042
"2025-02-10 19:39:24",620.058,607.844,0.0036524
"2025-02-11 23:46:39",619.781,607.695,0.0030695
"2025-02-12 13:53:51",619.578,607.675,0.0033434
"2025-02-12 13:53:51",619.578,607.675,0.0033434
"2025-02-13 12:25:13",619.424,607.516,0.0032014
"2025-02-13 22:39:14",619.335,607.433,0.0037645
"2025-02-14 12:39:41",619.244,607.238,0.0042354
"2025-02-14 19:02:54",619.064,607.313,0.0039426
"2025-02-14 22:56:52",619.135,607.145,0.0043063
"2025-02-15 13:02:02",618.896,607.05,0.0046888
"2025-02-15 13:02:02",618.896,607.05,0.0046888
"2025-02-15 23:03:19",618.81,606.936,0.0046242
"2025-02-16 13:19:40",618.635,606.784,0.0045884
"2025-02-16 21:40:58",618.57,606.662,0.0048052
"2025-02-17 13:33:18",618.374,606.482,0.0047186
"2025-02-17 22:02:46",618.243,606.39,0.0053846
"2025-02-17 22:02:46",618.243,606.39,0.0053846
"2025-02-18 12:12:00",618.068,606.231,0.004703
"2025-02-18 22:10:40",617.965,606.093,0.0048431
"2025-02-19 12:26:12",617.775,605.808,0.0069091
"2025-02-19 12:26:12",617.775,605.808,0.0069091
"2025-02-20 05:05:25",617.614,605.582,0.0057762
"2025-02-20 10:54:59",617.562,605.474,0.0057935
"2025-02-20 21:02:48",617.445,605.416,0.0043
"2025-02-21 12:54:44",617.252,605.222,0.0046848
"2025-02-21 12:54:44",617.252,605.222,0.0046848
"2025-02-22 11:32:13",617.007,604.881,0.0052884
"2025-02-22 11:32:13",617.007,604.881,0.0052884
"2025-02-22 21:38:22",616.926,604.695,0.0054423
"2025-02-22 21:38:22",616.926,604.695,0.0054423
"2025-02-24 18:28:58",616.455,603.845,0.0063824
"2025-02-24 18:28:58",616.455,603.845,0.0063824
"2025-02-25 04:39:56",616.358,603.564,0.0082235
"2025-02-25 10:29:07",616.235,603.446,0.0078933
"2025-02-25 20:36:48",616.023,603.332,0.0064702
"2025-02-26 09:06:00",615.93,603.018,0.007619
"2025-02-26 09:06:00",615.93,603.018,0.007619
"2025-02-26 20:57:54",615.654,602.878,0.0069525
"2025-02-27 09:20:00",615.595,602.497,0.0077257
"2025-02-27 19:36:04",615.547,602.136,0.0082995
"2025-02-27 19:36:04",615.547,602.136,0.0082995
"2025-02-28 09:34:32",615.258,601.912,0.0084333
"2025-02-28 19:47:18",615.071,601.763,0.0069501
"2025-02-28 19:47:18",615.071,601.763,0.0069501
"2025-03-01 02:06:34",615.01,601.607,0.0076426
"2025-03-01 20:01:08",614.839,601.239,0.0061481
"2025-03-02 10:10:22",614.801,600.966,0.0050495
"2025-03-02 10:10:22",614.801,600.966,0.0050495
"2025-03-02 20:15:43",614.675,600.895,0.0042743
"2025-03-03 08:35:18",614.684,600.643,0.004475
"2025-03-03 08:35:18",614.684,600.643,0.004475
"2025-03-03 14:59:32",614.539,600.658,0.0043345
"2025-03-04 08:50:41",614.506,600.31,0.0043462
"2025-03-04 15:12:46",614.39,600.291,0.0044393
"2025-03-05 09:13:34",614.234,599.938,0.0060724
"2025-03-05 09:13:34",614.234,599.938,0.0060724
"2025-03-05 19:17:25",614.17,599.786,0.0054103
"2025-03-05 19:17:25",614.17,599.786,0.0054103
"2025-03-06 09:25:32",614.092,599.558,0.0043612
"2025-03-06 09:25:32",614.092,599.558,0.0043612
"2025-03-07 09:38:26",613.983,599.161,0.004151
"2025-03-07 16:06:14",613.937,599.046,0.0048599
"2025-03-07 16:06:14",613.937,599.046,0.0048599
"2025-03-08 18:19:30",613.733,598.623,0.0054819
"2025-03-09 08:27:04",613.534,598.341,0.0071521
"2025-03-09 08:27:04",613.534,598.341,0.0071521
"2025-03-09 18:33:31",613.454,598.135,0.0066676
"2025-03-09 18:33:31",613.454,598.135,0.0066676
"2025-03-10 08:38:14",613.422,597.823,0.0048207
"2025-03-10 08:38:14",613.422,597.823,0.0048207
"2025-03-11 13:29:26",613.189,597.415,0.0047575
"2025-03-12 09:07:56",613.024,597.013,0.0059005
"2025-03-12 13:41:50",612.968,596.939,0.0060276
"2025-03-12 17:32:48",612.935,596.856,0.0060818
"2025-03-14 07:51:13",612.418,595.782,0.0075116
"2025-03-15 08:03:32",612.192,595.109,0.0074541
"2025-03-16 12:53:42",611.802,594.457,0.0062497
"2025-03-16 16:44:33",611.655,594.474,0.0061501
"2025-03-18 05:17:56",611.224,593.311,0.0085693
"2025-03-18 05:17:56",611.224,593.311,0.0085693
"2025-03-19 07:17:22",610.742,592.654,0.0075993
"2025-03-19 07:17:22",610.742,592.654,0.0075993
"2025-03-20 07:27:31",610.33,591.829,0.0087151
"2025-03-20 07:27:31",610.33,591.829,0.0087151
"2025-03-21 06:01:43",610.05,591.319,0.0072484
"2025-03-21 06:01:43",610.05,591.319,0.0072484
"2025-03-21 16:06:53",609.524,591.494,0.0062309
"2025-03-22 06:10:25",609.549,590.534,0.01288
"2025-03-22 06:10:25",609.549,590.534,0.01288
"2025-03-22 22:49:11",609.219,589.879,0.01022
"2025-03-23 04:37:36",609.031,589.74,0.010705
"2025-03-23 04:37:36",609.031,589.74,0.010705
"2025-03-23 22:59:49",608.688,589.406,0.0079008
"2025-03-23 22:59:49",608.688,589.406,0.0079008
"2025-03-24 06:34:24",608.638,589.176,0.0072812
"2025-03-24 23:10:29",608.293,588.755,0.0086625
"2025-03-24 23:10:29",608.293,588.755,0.0086625
"2025-03-25 15:11:18",607.955,588.431,0.0070884
"2025-03-26 05:18:34",607.732,588.077,0.0089224
"2025-03-26 05:18:34",607.732,588.077,0.0089224
"2025-03-26 21:54:16",607.363,587.717,0.0094978
"2025-03-27 03:42:37",607.332,587.452,0.0093292
"2025-03-28 03:52:53",606.877,586.991,0.0057613
"2025-03-28 10:14:13",606.846,586.838,0.0055055
"2025-03-28 22:14:14",606.684,586.63,0.006191
"2025-03-29 05:49:26",606.588,586.49,0.0061077
"2025-03-29 14:14:43",606.452,586.381,0.0054086
"2025-03-30 06:00:15",606.339,586.123,0.0046403
"2025-03-30 06:00:15",606.339,586.123,0.0046403
"2025-03-31 04:29:07",606.102,585.827,0.0044088
"2025-03-31 21:06:45",605.899,585.608,0.0049642
"2025-04-01 13:01:22",605.72,585.392,0.0046308
"2025-04-01 13:01:22",605.72,585.392,0.0046308
"2025-04-02 13:09:55",605.53,584.881,0.0054013
"2025-04-02 13:09:55",605.53,584.881,0.0054013
"2025-04-04 20:08:04",604.986,583.526,0.0066751
"2025-04-04 20:08:04",604.986,583.526,0.0066751
"2025-04-05 20:16:55",604.059,583.559,0.0069363
"2025-04-05 20:16:55",604.059,583.559,0.0069363
"2025-04-06 20:25:43",603.753,583.005,0.0061049
"2025-04-07 12:25:55",603.564,582.771,0.0045506
"2025-04-07 12:25:55",603.564,582.771,0.0045506
"2025-04-08 08:43:45",603.214,582.547,0.0058991
"2025-04-08 12:27:25",603.185,582.469,0.0054967
"2025-04-09 19:15:15",602.619,582.086,0.0062919
"2025-04-10 07:24:20",602.235,582.008,0.0060398
"2025-04-10 07:24:20",602.235,582.008,0.0060398
"2025-04-11 19:32:04",601.809,581.444,0.0056522
"2025-04-11 19:32:04",601.809,581.444,0.0056522
"2025-04-12 11:31:28",601.574,581.092,0.0061622
"2025-04-12 11:31:28",601.574,581.092,0.0061622
"2025-04-13 18:12:04",601.228,580.478,0.0058139
"2025-04-13 23:59:06",601.05,580.522,0.0057208
"2025-04-14 11:48:57",600.814,580.411,0.0051209
"2025-04-15 01:51:18",600.687,580.173,0.0053253
"2025-04-15 06:29:32",600.671,580.055,0.0053352
"2025-04-16 10:20:01",600.183,579.788,0.0073057
"2025-04-16 10:20:01",600.183,579.788,0.0073057
"2025-04-17 02:10:47",599.465,579.303,0.026053
"2025-04-17 02:10:47",599.465,579.303,0.026053
"2025-04-17 16:51:33",599.342,579.685,0.0043533
"2025-04-17 16:51:33",599.342,579.685,0.0043533
"2025-04-18 08:59:47",599.479,579.218,0.0037949
"2025-04-19 00:47:42",599.212,579.067,0.0039592
"2025-04-19 23:10:24",598.915,578.843,0.0043841
"2025-04-20 09:13:29",598.725,578.766,0.0050088
"2025-04-20 23:17:20",598.643,578.564,0.0037048
"2025-04-20 23:17:20",598.643,578.564,0.0037048
"2025-04-25 22:16:40",597.098,577.246,0.004232
"2025-04-26 04:38:47",597.103,577.11,0.0042917
"2025-04-26 08:27:16",597.188,576.978,0.0037536
"2025-04-26 22:23:01",597.046,576.804,0.004139
"2025-04-26 22:23:01",597.046,576.804,0.004139
"2025-04-28 21:00:06",596.532,576.405,0.0032777
"2025-04-28 21:00:06",596.532,576.405,0.0032777
"2025-05-01 15:33:29",596.121,575.853,0.0029638
"2025-05-01 15:33:29",596.121,575.853,0.0029638
"2025-05-02 07:30:58",596.012,575.689,0.0033536
"2025-05-02 13:48:11",595.975,575.646,0.0028985
"2025-05-03 07:37:52",595.791,575.545,0.0028711
"2025-05-03 19:56:14",595.696,575.49,0.0023556
"2025-05-03 21:40:02",595.658,575.528,0.0020076
"2025-05-04 07:45:03",595.596,575.497,0.0019467
"2025-05-04 14:16:36",595.553,575.499,0.0016763
"2025-05-05 20:09:45",595.402,575.353,0.0018221
"2025-05-05 20:09:45",595.402,575.353,0.0018221
"2025-05-06 22:00:36",595.303,575.247,0.0015126
"2025-05-06 22:00:36",595.303,575.247,0.0015126
"2025-05-07 06:28:22",595.275,575.207,0.0014616
"2025-05-08 06:33:08",595.18,575.132,0.0012452
"2025-05-08 06:33:08",595.18,575.132,0.0012452
"2025-05-09 06:33:17",595.062,575.06,0.0013969
"2025-05-09 20:41:48",594.992,575.048,0.0012241
"2025-05-10 13:17:56",594.891,575.017,0.0013044
"2025-05-10 13:17:56",594.891,575.017,0.0013044
"2025-05-11 01:25:48",594.857,574.965,0.0012191
"2025-05-11 19:11:04",594.791,574.889,0.0013592
"2025-05-12 13:30:25",594.733,574.815,0.0013156
"2025-05-12 13:30:25",594.733,574.815,0.0013156
"2025-05-12 21:02:06",594.715,574.777,0.0012882
"2025-05-13 05:30:07",594.683,574.748,0.0012018
"2025-05-14 05:34:27",594.577,574.664,0.001326
"2025-05-14 19:36:17",594.506,574.63,0.0013345
"2025-05-15 05:41:25",594.442,574.619,0.0012925
"2025-05-16 18:05:19",594.287,574.48,0.0013551
"2025-05-17 04:15:51",594.224,574.41,0.0018741
"2025-05-17 04:15:51",594.224,574.41,0.0018741
"2025-05-18 12:29:46",594.061,574.205,0.0019648
"2025-05-18 18:25:24",594.021,574.175,0.0019894
"2025-05-19 04:27:57",593.977,574.143,0.0016199
"2025-05-19 04:27:57",593.977,574.143,0.0016199
"2025-05-20 02:35:13",593.864,574.066,0.0014889
"2025-05-21 11:11:02",593.687,573.939,0.0016511
"2025-05-21 11:11:02",593.687,573.939,0.0016511
"2025-05-22 11:18:24",593.571,573.813,0.001625
"2025-05-23 11:22:46",593.478,573.68,0.0015688
"2025-05-23 11:22:46",593.478,573.68,0.0015688
"2025-05-23 17:19:32",593.445,573.654,0.0015899
"2025-05-24 03:20:42",593.355,573.624,0.001794
"2025-05-24 17:24:36",593.278,573.571,0.0016188
"2025-05-24 19:02:31",593.269,573.566,0.0015951
"2025-05-27 22:18:31",592.797,573.207,0.0021121
"2025-05-28 10:15:38",592.711,573.105,0.0025369
"2025-05-28 10:15:38",592.711,573.105,0.0025369
"2025-05-28 22:22:28",592.598,573.042,0.0024256
"2025-05-29 08:29:12",592.512,572.938,0.0026516
"2025-05-29 08:29:12",592.512,572.938,0.0026516
"2025-05-30 02:18:28",592.278,572.822,0.0028767
"2025-05-30 02:18:28",592.278,572.822,0.0028767
"2025-05-30 16:20:15",592.183,572.704,0.0023287
"2025-05-31 08:55:48",592.009,572.628,0.0023825
"2025-05-31 16:25:41",591.94,572.587,0.0021825
"2025-05-31 16:25:41",591.94,572.587,0.0021825
"2025-06-01 14:47:54",591.469,572.093,0.012486
"2025-06-01 14:47:54",591.469,572.093,0.012486
"2025-06-02 00:59:36",591.497,572.215,0.0043939
"2025-06-03 09:10:46",591.038,571.834,0.0053033
"2025-06-04 01:08:33",590.831,571.739,0.0042418
"2025-06-04 01:08:33",590.831,571.739,0.0042418
"2025-06-05 01:15:11",590.618,571.619,0.0032571
"2025-06-05 15:15:11",590.502,571.582,0.0020017
"2025-06-06 13:36:57",590.354,571.427,0.0020925
"2025-06-06 21:47:11",590.271,571.4,0.0022051
"2025-06-07 13:42:05",590.049,571.374,0.002555
"2025-06-07 20:03:24",589.942,571.379,0.0027271
"2025-06-07 20:03:24",589.942,571.379,0.0027271
"2025-06-09 15:38:17",589.487,571.087,0.0028719
"2025-06-10 14:05:49",589.254,571.04,0.0018435
"2025-06-10 14:05:49",589.254,571.04,0.0018435
"2025-06-10 22:08:12",589.109,571.066,0.002165
"2025-06-11 12:24:26",589.034,570.942,0.0020796
"2025-06-11 14:07:54",589.036,570.918,0.0020741
"2025-06-11 20:34:25",588.936,570.912,0.0024693
"2025-06-12 14:12:40",588.669,570.826,0.0031779
"2025-06-12 20:39:42",588.67,570.684,0.0034175
"2025-06-13 12:34:10",588.193,570.547,0.0074969
"2025-06-13 12:34:10",588.193,570.547,0.0074969
"2025-06-13 20:44:29",588.033,570.489,0.0071838
"2025-06-13 20:44:29",588.033,570.489,0.0071838
"2025-06-14 19:00:16",587.799,570.395,0.0030254
"2025-06-14 22:48:04",587.715,570.405,0.0029881
"2025-06-15 05:04:39",587.627,570.404,0.0025098
"2025-06-15 22:52:52",587.4,570.341,0.0027619
"2025-06-15 22:52:52",587.4,570.341,0.0027619
"2025-06-17 11:14:53",586.971,570.197,0.0025976
"2025-06-18 05:33:01",586.737,570.144,0.0028216
"2025-06-18 11:19:28",586.686,570.101,0.0027552
"2025-06-18 17:40:00",586.616,570.079,0.0027006
"2025-06-19 11:23:45",586.344,570.048,0.0028588
"2025-06-19 13:09:33",586.326,570.064,0.0024082
"2025-06-20 11:27:32",586.024,570.016,0.0027486
"2025-06-20 17:47:55",585.953,570.006,0.0027854
"2025-06-20 17:47:55",585.953,570.006,0.0027854
"2025-06-21 21:41:45",585.628,569.931,0.0026644
"2025-06-23 10:03:06",585.285,569.811,0.0021245
"2025-06-23 10:03:06",585.285,569.811,0.0021245
"2025-06-25 04:25:21",584.819,569.801,0.0019545
"2025-06-25 10:11:23",584.795,569.76,0.0019229
"2025-06-25 16:32:45",584.688,569.798,0.0021159
"2025-06-26 20:24:24",584.29,569.751,0.0027931
"2025-06-26 20:24:24",584.29,569.751,0.0027931
"2025-06-27 02:40:43",584.236,569.708,0.0026522
"2025-06-27 20:29:25",584.018,569.66,0.0022831
"2025-06-28 10:29:07",583.919,569.583,0.0018798
"2025-06-28 10:29:07",583.919,569.583,0.0018798
"2025-06-29 08:49:31",583.722,569.512,0.0018002
"2025-06-30 10:36:36",583.404,569.477,0.0021691
"2025-06-30 15:13:56",583.339,569.476,0.0022546
"2025-07-01 08:57:15",583.113,569.417,0.0024848
"2025-07-01 08:57:15",583.113,569.417,0.0024848
"2025-07-01 15:18:04",583.017,569.44,0.0023302
"2025-07-02 15:22:07",582.697,569.436,0.0023844
"2025-07-02 15:22:07",582.697,569.436,0.0023844
"2025-07-03 19:06:14",582.354,569.367,0.0026063
"2025-07-04 19:10:28",582.098,569.25,0.0024861
"2025-07-04 19:10:28",582.098,569.25,0.0024861
"2025-07-05 09:17:28",581.972,569.156,0.0025544
"2025-07-05 19:13:34",581.888,569.122,0.0023244
"2025-07-06 07:38:22",581.783,569.051,0.0022777
"2025-07-06 17:40:32",581.659,569.056,0.0022334
"2025-07-06 17:40:32",581.659,569.056,0.0022334
"2025-07-08 14:05:30",581.194,568.98,0.001768
"2025-07-08 17:55:58",581.127,569.011,0.0017553
"2025-07-08 17:55:58",581.127,569.011,0.0017553
"2025-07-10 07:58:12",580.841,568.942,0.0012156
"2025-07-10 07:58:12",580.841,568.942,0.0012156
"2025-07-11 08:00:16",580.729,568.888,0.0011654
"2025-07-11 18:03:58",580.684,568.827,0.0014518
"2025-07-12 08:03:28",580.618,568.731,0.0018102
"2025-07-12 08:03:28",580.618,568.731,0.0018102
"2025-07-13 12:43:43",580.334,568.712,0.0018461
"2025-07-13 16:32:42",580.239,568.769,0.0017998
"2025-07-14 12:47:27",580.117,568.724,0.0014697
"2025-07-14 12:47:27",580.117,568.724,0.0014697
"2025-07-14 16:35:26",580.047,568.763,0.0014303
"2025-07-16 08:18:26",579.728,568.739,0.0013525
"2025-07-16 16:41:38",579.685,568.687,0.0014972
"2025-07-16 16:41:38",579.685,568.687,0.0014972
"2025-07-17 06:41:55",579.651,568.599,0.0015629
"2025-07-18 11:21:32",579.536,568.481,0.0012913
"2025-07-19 05:04:38",579.407,568.473,0.0011804
"2025-07-19 11:24:54",579.378,568.456,0.0011524
"2025-07-20 15:16:27",579.206,568.417,0.001142
"2025-07-20 23:24:53",579.108,568.445,0.0012441
"2025-07-21 11:31:56",579.078,568.4,0.0011439
"2025-07-21 11:31:56",579.078,568.4,0.0011439
"2025-07-22 15:22:01",578.923,568.359,0.0011986
"2025-07-23 15:17:54",578.81,568.249,0.001563
"2025-07-23 15:17:54",578.81,568.249,0.001563
"2025-07-24 05:25:01",578.805,568.124,0.0015257
"2025-07-25 05:29:18",578.708,568.073,0.0010244
"2025-07-25 05:29:18",578.708,568.073,0.0010244
"2025-07-26 22:04:35",578.513,568.004,0.0011311
"2025-07-27 05:34:09",578.491,567.985,0.0010281
"2025-07-27 05:34:09",578.491,567.985,0.0010281
"2025-07-27 20:15:53",578.401,567.984,0.0010056
"2025-07-28 12:02:39",578.364,567.938,0.0009128
"2025-07-29 05:40:28",578.304,567.889,0.0010417
"2025-07-29 12:21:21",578.265,567.9,0.00095906
"2025-07-30 14:00:47",578.169,567.833,0.00096265
"2025-07-31 05:48:50",578.185,567.732,0.00093273
"2025-07-31 12:25:53",578.171,567.701,0.0010051
"2025-08-02 12:38:15",578.072,567.51,0.0009091
"2025-08-02 12:38:15",578.072,567.51,0.0009091
"2025-08-03 12:42:47",578.024,567.418,0.00085194
"2025-08-04 12:42:44",577.947,567.345,0.00098282
"2025-08-04 12:42:44",577.947,567.345,0.00098282
"2025-08-04 18:58:21",577.909,567.344,0.0010065
"2025-08-05 12:38:27",577.876,567.26,0.00097732
"2025-08-06 12:50:03",577.858,567.135,0.00084033
"2025-08-07 11:06:02",577.821,567.032,0.001009
"2025-08-07 11:06:02",577.821,567.032,0.001009
"2025-08-07 11:06:02",577.821,567.032,0.001009
"2025-08-08 07:27:21",577.766,566.975,0.00093896
"2025-08-08 19:24:06",577.72,566.932,0.0011596
"2025-08-09 01:09:37",577.679,566.886,0.0015786
"2025-08-09 01:09:37",577.679,566.886,0.0015786
"2025-08-09 19:26:03",577.521,566.809,0.0020282
"2025-08-10 11:20:29",577.454,566.687,0.0017989
"2025-08-11 11:22:49",577.333,566.557,0.001675
"2025-08-11 11:22:49",577.333,566.557,0.001675
"2025-08-12 11:25:22",577.235,566.394,0.0017493
"2025-08-13 11:29:08",577.1,566.244,0.0022196
"2025-08-13 11:29:08",577.1,566.244,0.0022196
"2025-08-15 01:29:13",576.829,566.089,0.0017689
"2025-08-15 09:47:41",576.816,566.003,0.0018531
"2025-08-15 18:03:07",576.708,566.006,0.001882
"2025-08-16 09:56:47",576.622,565.916,0.0017348
"2025-08-16 18:04:29",576.542,565.908,0.0017497
"2025-08-16 23:50:04",576.5,565.878,0.0017867
"2025-08-16 23:50:04",576.5,565.878,0.0017867
"2025-08-18 09:53:56",576.335,565.668,0.0017252
"2025-08-19 10:05:09",576.143,565.547,0.0019524
"2025-08-19 10:05:09",576.143,565.547,0.0019524
"2025-08-20 00:02:43",575.929,565.515,0.0026106
"2025-08-20 00:02:43",575.929,565.515,0.0026106
"2025-08-20 22:21:19",575.745,565.401,0.0020385
"2025-08-22 08:23:47",575.487,565.216,0.0021652
"2025-08-23 04:45:37",575.32,565.11,0.0023166
"2025-08-23 22:26:24",575.149,565.035,0.0022128
"2025-08-24 08:35:04",575.105,564.937,0.0023206
"2025-08-24 16:42:35",575,564.916,0.0023743
"2025-08-25 08:36:50",574.855,564.794,0.0025397
"2025-08-25 22:38:07",574.597,564.759,0.0031265
"2025-08-26 04:49:49",574.541,564.712,0.0028903
"2025-08-26 22:38:05",574.244,564.57,0.0034995
"2025-08-27 20:56:07",573.751,564.446,0.0044654
"2025-08-27 22:39:18",573.74,564.41,0.0044563
"2025-08-28 22:40:34",573.306,564.139,0.0046979
"2025-08-29 06:58:12",573.049,564.125,0.0049408
"2025-08-29 22:43:22",572.637,563.989,0.0049449
"2025-08-30 03:18:58",572.534,563.932,0.0048091
"2025-08-30 15:14:36",572.436,563.602,0.0055875
"2025-08-31 07:08:10",571.989,563.433,0.00562
"2025-08-31 15:15:12",571.808,563.336,0.0061591
"2025-09-01 03:20:21",571.402,563.211,0.0070652
"2025-09-02 07:09:51",570.603,562.83,0.0095685
"2025-09-03 21:08:59",569.51,562.076,0.005498
"2025-09-04 21:09:14",569.037,561.73,0.005846
"2025-09-05 13:41:30",568.756,561.488,0.0049148
"2025-09-05 21:09:26",568.635,561.358,0.0049708
"2025-09-06 05:34:35",568.411,561.249,0.0059173
"2025-09-06 21:12:04",568.085,560.917,0.0069088
"2025-09-07 05:34:16",567.917,560.811,0.0042904
"2025-09-07 13:41:02",567.902,560.635,0.0037081
"2025-09-09 05:33:50",567.374,560.192,0.0032944
"2025-09-09 11:48:46",567.332,560.127,0.0032374
"2025-09-11 19:31:22",566.31,559.983,0.0032875
"2025-09-13 19:30:20",565.836,559.649,0.0027289
"2025-09-14 00:06:49",565.791,559.632,0.0025213
"2025-09-14 12:02:17",565.697,559.516,0.0025608
"2025-09-15 03:54:26",565.401,559.234,0.0073916
"2025-09-16 03:53:24",565.189,558.977,0.0040872
"2025-09-16 12:00:03",565.103,558.88,0.0036301
"2025-09-17 03:52:41",564.936,558.717,0.003198
"2025-09-17 17:53:09",564.737,558.642,0.0028876
"2025-09-18 17:51:59",564.393,558.493,0.0029633
"2025-09-19 10:21:43",564.145,558.443,0.0026107
"2025-09-19 17:48:47",564.06,558.349,0.0029126
"2025-09-20 17:47:33",563.759,558.13,0.0034743
"2025-09-21 10:18:36",563.557,557.946,0.0035536
"2025-09-21 22:22:38",563.34,557.797,0.004488
"2025-09-22 10:17:39",563.15,557.624,0.004644
"2025-09-23 22:20:21",562.472,556.829,0.0060972
"2025-09-24 02:09:54",562.432,556.703,0.0059143
"2025-09-26 01:57:35",561.555,555.939,0.0052559
"2025-09-26 17:41:16",561.362,555.703,0.0043395
"2025-09-27 16:02:32",561.026,555.349,0.0042019
"2025-09-28 15:59:05",560.986,554.589,0.0046579
"2025-09-29 01:58:59",560.158,555.115,0.004972
"2025-09-29 15:55:35",560.143,554.403,0.0055851
"2025-09-29 15:55:35",560.143,554.403,0.0055851
"2025-09-30 01:49:27",559.745,554.493,0.0053184
"2025-09-30 01:49:27",559.746,554.493,0.0053184
"2025-09-30 08:25:53",559.726,554.092,0.0059987
"2025-09-30 15:53:19",559.206,554.082,0.0060318
"2025-09-30 20:29:17",559.015,553.986,0.0057099
"2025-10-01 01:56:45",559.131,553.772,0.0065676
"2025-10-01 01:56:45",559.131,553.772,0.0065676
"2025-10-01 08:23:17",558.897,553.544,0.006151
"2025-10-01 20:26:36",558.596,553.302,0.0063175
"2025-10-01 20:26:36",558.596,553.302,0.0063175
"2025-10-02 00:07:38",558.568,553.171,0.0060667
"2025-10-02 00:07:38",558.568,553.171,0.0060667
"2025-10-03 14:02:16",557.822,552.55,0.0051579
"2025-10-05 00:05:55",557.427,551.956,0.0040301
"2025-10-06 00:02:23",557.15,551.71,0.0029434
"2025-10-06 06:17:01",556.981,551.775,0.0027123
"2025-10-06 06:17:01",556.981,551.775,0.0027123
"2025-10-06 20:11:07",556.771,551.684,0.0032136
"2025-10-07 06:13:16",556.707,551.538,0.0031152
"2025-10-08 23:54:37",556.016,551.108,0.0035014
"2025-10-08 23:54:37",556.016,551.108,0.0035014
"2025-10-09 23:42:46",555.69,550.984,0.0025
"2025-10-09 23:42:46",555.69,550.984,0.0025
"2025-10-10 06:18:49",555.594,550.912,0.002994
"2025-10-10 12:02:34",555.516,550.887,0.0027405
"2025-10-10 12:02:34",555.516,550.887,0.0027405
"2025-10-11 11:59:03",555.136,550.743,0.0027169
"2025-10-12 11:55:28",554.663,550.456,0.0042287
"2025-10-12 18:14:01",554.542,550.406,0.0041188
"2025-10-13 11:51:50",554.23,550.147,0.0040398
"2025-10-13 18:09:52",554.112,550.096,0.0036946
"2025-10-14 21:53:43",553.775,549.761,0.0031001
"2025-10-15 11:43:38",553.526,549.684,0.0037011
"2025-10-15 18:03:04",553.494,549.56,0.0037783
"2025-10-15 21:49:28",553.444,549.509,0.0034766
"2025-10-15 21:49:28",553.445,549.509,0.0034766
"2025-10-16 05:54:46",553.322,549.463,0.0031343
"2025-10-16 05:54:46",553.323,549.463,0.0031343
"2025-10-17 05:50:46",552.968,549.168,0.0040798
"2025-10-17 05:50:46",552.968,549.168,0.0040798
"2025-10-17 21:40:59",552.694,548.94,0.0051238
"2025-10-17 21:40:59",552.694,548.94,0.0051238
"2025-10-18 21:36:44",552.163,548.585,0.0056734
"2025-10-19 03:52:20",552.03,548.434,0.0058596
"2025-10-19 21:33:01",551.568,548.194,0.0049414
"2025-10-19 21:33:01",551.567,548.194,0.0049414
"2025-10-20 21:27:46",551.028,547.922,0.0040991
"2025-10-21 11:23:13",550.717,547.798,0.0043378
"2025-10-21 21:16:34",550.569,547.656,0.0038024
"2025-10-21 21:16:34",550.569,547.657,0.0038024
"2025-10-21 21:16:34",550.571,547.654,0.0037292
"2025-10-23 03:46:58",550.001,547.318,0.0041047
"2025-10-23 15:49:35",549.736,547.216,0.003629
"2025-10-23 15:49:35",549.736,547.216,0.003629
"2025-10-24 03:41:39",549.573,547.044,0.0039479
"2025-10-24 15:44:11",549.424,546.813,0.0039828
"2025-10-24 15:44:11",549.424,546.813,0.0039828
"2025-10-25 03:36:31",549.361,546.517,0.0039661
"2025-10-25 03:36:31",549.361,546.517,0.0039661
"2025-10-25 11:05:30",549.17,546.473,0.0041595
"2025-10-25 15:38:43",549.1,546.411,0.0041026
"2025-10-25 15:38:43",549.1,546.411,0.0041026
"2025-10-26 09:15:21",548.884,546.169,0.0032217
"2025-10-26 15:33:08",548.801,546.071,0.0034133
"2025-10-26 15:33:08",548.801,546.071,0.0034133
"2025-10-27 03:26:18",548.75,545.815,0.0038394
"2025-10-27 03:26:18",548.751,545.815,0.0038394
"2025-10-27 10:54:53",548.704,545.661,0.0033091
"2025-10-27 19:15:21",548.632,545.521,0.0033552
"2025-10-27 19:15:21",548.632,545.521,0.0033552
"2025-10-29 03:14:27",548.382,544.825,0.0045748
"2025-10-29 19:04:51",548.129,544.58,0.0036237
"2025-10-30 03:08:41",548.151,544.267,0.0044481
"2025-10-30 18:58:03",547.924,543.851,0.0049844
"2025-10-30 18:58:03",547.924,543.851,0.0049844
"2025-10-31 15:04:51",547.637,543.477,0.0040075
"2025-10-31 18:52:07",547.621,543.344,0.003884
"2025-11-01 14:58:37",547.432,543.019,0.0031478
"2025-11-02 08:42:18",547.316,542.686,0.0032337
"2025-11-03 18:33:59",546.821,542.17,0.0034154
"2025-11-03 18:33:59",546.821,542.17,0.0034154
"2025-11-04 18:27:46",546.589,541.703,0.0028931
"2025-11-04 18:27:46",546.589,541.703,0.0028931
"2025-11-05 18:21:28",546.32,541.256,0.0033976
"2025-11-06 08:15:41",545.989,540.991,0.0048741
"2025-11-06 08:15:41",545.989,540.991,0.0048741
"2025-11-07 18:08:34",545.395,540.221,0.0044676
"2025-11-08 08:02:05",545.167,539.92,0.0043017
"2025-11-08 08:02:05",545.167,539.92,0.0043017
"2025-11-10 14:11:35",544.231,538.891,0.0046491
"2025-11-11 07:40:47",543.968,538.387,0.0049279
"2025-11-12 05:51:04",543.468,537.652,0.010861
"2025-11-13 05:43:21",542.559,536.283,0.0079775
"2025-11-13 05:43:21",542.559,536.283,0.0079775
"2025-11-14 07:18:29",541.944,535.505,0.0042411
"2025-11-14 11:52:40",541.918,535.359,0.0041092
"2025-11-15 11:44:54",541.711,534.699,0.0040604
"2025-11-15 15:31:14",541.455,534.768,0.0043651
"2025-11-16 07:02:46",541.23,534.295,0.0057521
"2025-11-16 11:36:26",541.109,534.196,0.0056874
"2025-11-16 15:22:47",541.004,534.124,0.0051067
"2025-11-16 15:22:47",541.004,534.124,0.0051067
"2025-11-17 06:53:57",540.714,533.652,0.0055314
"2025-11-17 11:28:10",540.591,533.573,0.0053789
"2025-11-17 15:14:11",540.541,533.496,0.0041459
"2025-11-17 15:14:11",540.541,533.496,0.0041459
"2025-11-18 15:05:50",540.201,532.997,0.0034944
"2025-11-18 23:08:45",540.14,532.814,0.0034511
"2025-11-19 06:36:45",539.997,532.704,0.0039832
"2025-11-19 22:59:37",539.785,532.436,0.0035843
"2025-11-20 06:27:38",539.681,532.289,0.0039965
"2025-11-20 06:27:38",539.681,532.289,0.0039965
"2025-11-21 12:43:52",539.096,531.75,0.0036456
"2025-11-22 04:34:22",538.813,531.364,0.0047147
"2025-11-22 04:34:22",538.814,531.363,0.0047147
"2025-11-23 04:25:27",538.556,530.866,0.0041693
"2025-11-23 04:25:27",538.556,530.866,0.0041693
"2025-11-24 14:11:46",537.696,530.468,0.004332
"2025-11-24 14:11:46",537.696,530.468,0.004332
"2025-11-25 04:05:10",537.419,530.012,0.0052008
"2025-11-25 12:05:50",537.221,529.868,0.005045
"2025-11-25 18:37:03",537.158,529.63,0.0052369
"2025-11-26 03:54:51",537.013,529.383,0.0048294
"2025-11-26 03:54:51",537.013,529.383,0.0048294
"2025-11-26 13:53:11",536.679,529.286,0.0046815
"2025-11-26 13:53:11",536.679,529.286,0.0046815
"2025-11-27 13:42:35",536.171,528.876,0.0043201
"2025-11-28 13:31:12",535.613,528.431,0.0041597
"2025-11-29 03:24:37",535.401,528.095,0.0045158
"2025-11-29 03:24:37",535.401,528.094,0.0045158
"2025-11-29 13:20:57",535.069,527.979,0.0043096
"2025-11-30 13:10:34",534.43,527.523,0.0044854
"2025-11-30 13:10:34",534.43,527.524,0.0044854
"2025-12-01 03:04:22",534.173,527.21,0.0044809
"2025-12-01 12:53:29",533.779,527.112,0.0043233
"2025-12-01 12:53:29",533.779,527.112,0.0043233
"2025-12-02 02:53:33",533.483,526.751,0.0051288
"2025-12-02 02:53:33",533.483,526.751,0.0051288
"2025-12-02 12:49:14",533.056,526.645,0.0051652
"2025-12-02 12:49:14",533.056,526.645,0.0051652
"2025-12-03 02:43:55",532.705,526.278,0.0062158
"2025-12-03 02:43:55",532.704,526.278,0.0062158
"2025-12-03 12:38:16",532.361,526.079,0.0058122
"2025-12-03 12:38:16",532.36,526.079,0.0058122
"2025-12-05 18:42:46",529.727,524.422,0.0076269
"2025-12-06 00:24:12",529.48,524.353,0.0071124
"2025-12-07 11:51:51",528.058,523.438,0.0070447
"2025-12-08 01:42:41",527.678,523.091,0.0058229
"2025-12-08 11:32:59",527.211,523.022,0.0055059
"2025-12-09 11:20:30",526.534,522.391,0.0062959
"2025-12-09 11:20:30",526.534,522.391,0.0062959
"2025-12-10 01:17:44",526.205,521.854,0.0068526
"2025-12-10 01:17:44",526.205,521.854,0.0068526
"2025-12-10 11:07:51",525.479,521.865,0.0072409
"2025-12-10 11:07:51",525.479,521.865,0.0072409
"2025-12-11 01:06:52",524.997,521.494,0.0070282
"2025-12-11 01:06:52",524.998,521.494,0.0070282
"2025-12-12 00:52:56",524.026,520.616,0.0060515
"2025-12-12 00:52:56",524.026,520.616,0.0060515
"2025-12-13 10:27:28",522.569,519.687,0.0080516
"2025-12-15 22:14:17",521.619,518.581,0.0036038
"2025-12-16 09:46:42",521.264,518.524,0.0033529
"2025-12-17 09:40:42",520.654,518.247,0.0034257
"2025-12-17 21:46:30",520.57,517.944,0.0037428
"2025-12-18 09:26:33",520.141,517.923,0.0040521
"2025-12-18 21:32:00",520.049,517.651,0.003483
"2025-12-19 00:54:25",520.229,517.374,0.0032258
"2025-12-19 09:10:24",519.821,517.508,0.0029178
"2025-12-19 09:10:24",519.821,517.508,0.0029178
"2025-12-20 00:39:03",519.894,517.01,0.0027292
"2025-12-20 00:39:03",519.894,517.009,0.0027292
"2025-12-22 08:26:37",518.799,516.147,0.004461
"2025-12-22 08:26:37",518.799,516.147,0.004461
"2025-12-24 04:10:42",517.614,515.675,0.0038296
"2025-12-24 04:10:42",517.613,515.675,0.0038296
"2025-12-24 07:56:41",517.389,515.669,0.0041569
"2025-12-24 23:24:16",517.197,515.287,0.003895
"2025-12-24 23:24:16",517.197,515.287,0.003895
"2025-12-25 03:55:54",517.024,515.251,0.0039257
"2025-12-25 03:55:54",517.024,515.251,0.0039257
"2025-12-26 15:27:55",516.296,514.667,0.0037314
"2025-12-26 15:27:55",516.296,514.667,0.0037314
"2025-12-26 22:52:56",516.18,514.49,0.0040608
"2025-12-26 22:52:56",516.18,514.49,0.0040608
"2025-12-27 05:13:36",515.99,514.447,0.0036094
"2025-12-27 05:13:36",515.99,514.447,0.0036094
"2025-12-28 06:49:51",515.424,513.961,0.0043267
"2025-12-28 06:49:51",515.424,513.961,0.0043267
"2025-12-28 14:56:57",515.361,513.727,0.0041055
"2025-12-28 14:56:57",515.361,513.727,0.0041055
"2025-12-29 22:06:07",514.613,513.055,0.0044301
"2025-12-30 06:17:52",514.33,513.006,0.0042191
"2025-12-30 20:07:15",513.995,512.778,0.0044614
"2025-12-30 20:07:15",513.995,512.778,0.0044614
"2025-12-31 02:22:31",513.791,512.691,0.004769
"2025-12-31 06:08:10",513.644,512.679,0.0041103
"2025-12-31 06:08:10",513.644,512.679,0.0041103
"2025-12-31 21:33:33",513.359,512.368,0.0041213
"2025-12-31 21:33:33",513.359,512.368,0.0041213
"2026-01-01 19:35:20",512.879,511.965,0.004674
"2026-01-01 19:35:20",512.879,511.965,0.004674
"2026-01-02 19:18:31",512.469,511.547,0.003859
"2026-01-02 19:18:31",512.469,511.548,0.003859
"2026-01-03 03:21:19",512.356,511.371,0.0038689
"2026-01-03 03:21:19",512.356,511.371,0.0038689
"2026-01-03 20:43:35",512.108,511.04,0.0032606
"2026-01-04 20:26:59",511.815,510.778,0.0023768
"2026-01-04 20:26:59",511.815,510.778,0.0023768
"2026-01-06 02:31:02",511.594,510.248,0.0020453
"2026-01-06 02:31:02",511.594,510.248,0.0020453
"2026-01-06 12:30:24",511.513,510.142,0.0018844
"2026-01-06 12:30:24",511.513,510.142,0.0018844
"2026-01-07 05:49:06",511.44,509.912,0.0016137
"2026-01-07 12:13:48",511.417,509.835,0.0015417
"2026-01-07 12:13:48",511.417,509.835,0.0015417
"2026-01-08 03:34:16",511.39,509.612,0.0015072
"2026-01-08 03:34:16",511.39,509.611,0.0015072
"2026-01-08 19:19:42",511.26,509.373,0.0019912
"2026-01-08 19:19:42",511.259,509.374,0.0019912
"2026-01-10 03:00:19",511.05,509.059,0.0014885
"2026-01-12 12:10:35",510.746,508.272,0.0017246
"2026-01-13 04:05:36",510.652,508.162,0.0011031
"2026-01-13 04:05:36",510.653,508.161,0.0011031
"2026-01-13 17:55:40",510.543,508.081,0.0010256
"2026-01-14 03:48:06",510.5,508.011,0.0010903
"2026-01-15 03:30:43",510.349,507.915,0.00098401
"2026-01-15 03:30:43",510.349,507.915,0.00098401
"2026-01-16 03:13:19",510.11,507.82,0.0012504
"2026-01-16 11:14:21",509.997,507.8,0.0013592
"2026-01-16 23:09:30",509.898,507.634,0.0019173
"2026-01-17 02:55:53",509.923,507.512,0.0020381
"2026-01-17 10:56:43",509.777,507.432,0.0022485
"2026-01-17 22:53:59",509.611,507.333,0.0020143
"2026-01-18 10:39:16",509.438,507.232,0.0020443
"2026-01-19 10:23:13",509.086,506.947,0.0024559
"2026-01-19 16:03:04",509.019,506.881,0.0021339
"2026-01-20 01:56:38",508.968,506.502,0.0033059
"2026-01-21 17:10:55",506.937,505.097,0.0049394
"2026-01-23 09:08:59",506.251,504.333,0.0044887
"2026-01-24 00:24:48",506.415,503.337,0.004973
"2026-01-24 00:24:48",506.415,503.337,0.004973
"2026-01-24 14:29:59",506.037,503.089,0.0038074
"2026-01-26 01:41:23",504.593,502.648,0.0044099
"2026-01-26 13:53:01",504.404,502.217,0.0041266
"2026-01-26 13:53:01",504.404,502.217,0.0041266
"2026-01-27 01:28:44",503.988,501.953,0.0046103
"2026-01-28 14:57:39",503.128,500.747,0.004925
"2026-01-30 00:29:29",502,499.617,0.0048979
"2026-01-30 00:29:29",502,499.617,0.0048979
"2026-01-31 00:11:35",501.472,498.927,0.0032034
"2026-01-31 00:11:35",501.472,498.926,0.0032034
"2026-01-31 15:33:04",501.381,498.341,0.0033655
"2026-01-31 23:51:00",501.254,498.112,0.0029732
"2026-02-01 07:48:19",500.949,498.092,0.0038545
"2026-02-01 07:48:19",500.949,498.092,0.0038545
"2026-02-01 15:12:30",500.921,497.74,0.0034324
"2026-02-02 13:09:31",500.461,496.961,0.0044373
"2026-02-03 12:48:35",499.973,496.039,0.0041941
"2026-02-03 12:48:35",499.973,496.039,0.0041941
"2026-02-04 06:47:31",499.498,495.373,0.0044143
"2026-02-04 12:27:50",499.416,495.13,0.0043856
"2026-02-05 06:26:12",498.794,494.286,0.0070947
"2026-02-05 12:07:02",498.621,493.894,0.007397
"2026-02-05 12:07:02",498.621,493.894,0.007397
"2026-02-06 11:44:46",497.846,493.015,0.0062748
"2026-02-06 13:28:51",497.818,492.968,0.0061533
"2026-02-06 13:28:51",497.818,492.968,0.0061533
"2026-02-06 23:12:42",497.518,492.572,0.0061012
"2026-02-06 23:12:42",497.518,492.572,0.0061012
"2026-02-07 13:06:02",497.155,492.027,0.0058461
"2026-02-07 13:06:02",497.155,492.027,0.0058461
"2026-02-08 12:44:35",496.677,491.119,0.0053706
"2026-02-08 12:44:35",496.677,491.119,0.0053706
"2026-02-10 13:35:45",496.126,488.564,0.0050973
"2026-02-11 11:29:08",496.148,486.967,0.0059125
"2026-02-12 12:48:19",494.151,487.23,0.0055464
"2026-02-12 12:48:19",494.151,487.23,0.0055464
"2026-02-12 20:58:37",493.879,487.052,0.004978
"2026-02-12 20:58:37",493.879,487.051,0.004978
"2026-02-13 12:27:37",494.104,485.768,0.0051158
"2026-02-13 12:27:37",494.104,485.768,0.0051158
"2026-02-14 10:19:38",493.591,484.795,0.0056734
"2026-02-14 10:19:38",493.591,484.795,0.0056734
"2026-02-15 11:39:28",492.861,483.669,0.0074708
"2026-02-15 11:39:28",492.861,483.669,0.0074708
"2026-02-15 21:29:10",492.715,483.191,0.0054338
"2026-02-15 21:29:10",492.715,483.191,0.0054338
"2026-02-16 11:14:20",492.394,482.459,0.0059793
"2026-02-16 11:14:20",492.394,482.458,0.0059793
"2026-02-17 20:42:06",491.888,480.535,0.0046642
"2026-02-17 20:42:06",491.888,480.535,0.0046642
"2026-02-18 10:27:28",491.252,480.214,0.0054665
"2026-02-18 10:27:28",491.252,480.214,0.0054665
"2026-02-19 09:53:26",491.013,478.89,0.0051468
"2026-02-19 09:53:26",491.013,478.89,0.0051468
"2026-02-19 19:53:02",490.648,478.449,0.0052688
"2026-02-20 11:11:30",490.304,477.896,0.0042478
"2026-02-20 19:20:05",490.174,477.421,0.0050501
"2026-02-20 19:20:05",490.174,477.421,0.0050501
"2026-02-21 10:47:54",489.766,476.577,0.0062626
"2026-02-21 10:47:54",489.766,476.577,0.0062626
"2026-02-23 08:11:30",488.247,474.037,0.0069952
"2026-02-24 09:27:55",486.445,473.809,0.0058092
"2026-02-24 09:27:55",486.445,473.809,0.0058092
"2026-02-25 07:17:54",486.115,472.367,0.0059075
"2026-02-25 08:52:18",486.553,471.792,0.0059479
"2026-02-25 08:52:18",486.553,471.792,0.0059479
"2026-02-26 08:18:54",486.201,470.05,0.0068813
"2026-02-26 08:18:54",486.202,470.05,0.0068813
"2026-02-27 00:00:53",485.362,469.364,0.0058741
"2026-02-27 00:00:53",485.362,469.364,0.0058741
"2026-02-27 07:51:49",485.057,468.888,0.0066139
"2026-02-28 01:07:44",484.504,467.84,0.0058615
"2026-02-28 07:24:23",484.293,467.476,0.006151
"2026-02-28 07:24:23",484.293,467.476,0.006151
"2026-03-01 06:56:36",483.342,466.025,0.0072218
"2026-03-01 08:30:44",483.278,465.921,0.0071745
"2026-03-01 08:30:44",483.277,465.921,0.0071745
"2026-03-02 08:02:33",482.209,464.423,0.0073152
"2026-03-02 08:02:33",482.209,464.423,0.0073152
"2026-03-02 17:27:10",481.835,463.792,0.0066018
"2026-03-02 17:27:10",481.836,463.792,0.0066018
"2026-03-03 07:33:58",481.26,462.872,0.0072075
"2026-03-03 07:33:58",481.259,462.873,0.0072075
"2026-03-03 16:58:25",480.715,462.147,0.008095
"2026-03-03 16:58:25",480.715,462.148,0.008095
"2026-03-04 08:38:59",479.781,460.8,0.0099515
"2026-03-04 08:38:59",479.78,460.8,0.0099515
"2026-03-05 06:35:25",478.71,459.235,0.0074587
"2026-03-05 15:59:30",478.312,458.55,0.0070708
"2026-03-05 15:59:30",478.312,458.551,0.0070708
"2026-03-06 06:05:29",477.666,457.622,0.0072129
"2026-03-06 07:39:28",477.651,457.536,0.0066022
"2026-03-07 07:09:06",476.573,455.601,0.0096126
"2026-03-07 07:09:06",476.573,455.601,0.0096126
"2026-03-08 06:38:13",474.905,453.811,0.010149
"2026-03-08 14:27:49",474.412,453.236,0.0091863
"2026-03-08 16:01:43",474.221,453.215,0.008719
"2026-03-09 07:40:43",473.24,452.241,0.0069097
"2026-03-09 07:40:43",473.239,452.241,0.0069097
"2026-03-10 05:34:59",472.141,450.587,0.0082819
"2026-03-10 05:34:59",472.142,450.587,0.0082819
"2026-03-11 05:02:40",470.702,449.02,0.0074943
"2026-03-11 06:36:30",470.625,448.942,0.0071446
"2026-03-11 06:36:30",470.625,448.943,0.0071446
"2026-03-12 06:03:43",469.311,447.537,0.0067494
"2026-03-12 15:26:30",468.931,446.9,0.0060816
"2026-03-12 15:26:30",468.931,446.9,0.0060816
"2026-03-13 14:53:09",467.709,445.391,0.0069093
"2026-03-13 22:41:56",467.24,444.96,0.0066648
"2026-03-14 14:19:20",466.049,443.627,0.0087989
"2026-03-14 22:07:57",465.518,443.064,0.0075144
"2026-03-15 05:56:30",465.018,442.559,0.0072705
"2026-03-15 15:18:42",464.56,442.112,0.0050463
"2026-03-15 21:33:28",464.168,441.768,0.0060334
"2026-03-16 05:21:54",463.746,441.337,0.0062338
"2026-03-16 14:43:57",463.335,440.97,0.0044802
"2026-03-17 04:46:56",462.665,440.335,0.0045648
"2026-03-17 14:08:52",462.297,439.944,0.0039202
"2026-03-17 21:57:06",462.04,439.581,0.0040121
"2026-03-18 10:26:13",461.488,439.049,0.0047637
"2026-03-18 10:26:13",461.489,439.048,0.0047637
"2026-03-19 14:31:21",460.089,437.816,0.0040995
"2026-03-19 14:31:21",460.089,437.816,0.0040995
"2026-03-20 03:00:16",459.931,437.599,0.0044492
"2026-03-20 03:00:16",459.932,437.599,0.0044492
"2026-03-21 03:57:42",458.216,436.315,0.0088602
"2026-03-21 13:19:04",457.362,435.221,0.0087856
"2026-03-21 21:06:47",456.644,434.56,0.0075776
"2026-03-22 04:54:26",456.03,433.991,0.0074004
"2026-03-22 20:29:34",454.828,432.695,0.0083718
"2026-03-23 04:17:02",454.052,431.977,0.008402
"2026-03-24 12:59:43",451.716,430.125,0.00529
"2026-03-24 12:59:43",451.716,430.125,0.00529
"2026-03-25 10:47:41",450.253,428.816,0.005954
"2026-03-25 20:08:08",449.591,428.341,0.0049411
"2026-03-25 20:08:08",449.591,428.341,0.0049411
"2026-03-26 08:35:15",448.8,427.377,0.0059693
"2026-03-26 08:35:15",448.8,427.377,0.0059693
"2026-03-27 03:15:42",447.409,426.204,0.0066089
"2026-03-27 03:15:42",447.409,426.204,0.0066089
"2026-03-27 12:35:48",446.653,425.742,0.0060257
"2026-03-27 12:35:48",446.653,425.742,0.0060257
"2026-03-28 01:02:28",445.611,424.941,0.0063337
"2026-03-28 01:02:28",445.611,424.941,0.0063337
"2026-03-30 02:47:25",441.106,420.424,0.0079241
"2026-03-30 02:47:25",441.106,420.424,0.0079241
"2026-03-30 09:00:20",440.383,420.016,0.0080954
"2026-03-30 09:00:20",440.383,420.015,0.0080954
"2026-03-30 18:19:36",439.485,419.164,0.0078408
"2026-03-31 02:05:35",438.638,418.497,0.0077277
"2026-03-31 02:05:35",438.638,418.497,0.0077277
"2026-03-31 11:24:39",437.86,417.822,0.0064162
"2026-03-31 11:24:39",437.861,417.821,0.0064135
"2026-03-31 11:24:39",437.86,417.821,0.0064162
"2026-04-01 02:56:15",436.412,416.602,0.006973
"2026-04-01 02:56:15",436.412,416.602,0.006973
"2026-04-01 10:41:56",435.903,415.996,0.0057813
"2026-04-01 10:41:56",435.903,415.996,0.0057813
"2026-04-02 02:13:08",434.544,414.534,0.0069573
"2026-04-02 06:52:26",433.964,414.05,0.0086687
"2026-04-02 09:58:37",433.797,413.611,0.0084669
"2026-04-02 17:44:00",432.63,412.663,0.010846
"2026-04-02 17:44:00",432.63,412.663,0.010846
"2026-04-03 10:47:29",430.496,410.815,0.0079076
"2026-04-03 10:47:29",430.48,410.808,0.0079415
"2026-04-03 10:47:29",430.48,410.807,0.0079415
"2026-04-04 10:02:27",427.612,408.224,0.008382
"2026-04-04 17:47:16",427.066,407.584,0.0058342
"2026-04-04 17:47:16",427.066,407.584,0.0058342
"2026-04-05 06:10:51",426.064,406.609,0.0064998
"2026-04-05 10:49:39",425.674,406.254,0.0062323
"2026-04-05 10:49:39",425.674,406.254,0.0062323
"2026-04-05 20:07:11",425.016,405.55,0.0054785
"2026-04-05 23:13:00",424.774,405.329,0.0054054
"2026-04-06 02:18:49",424.631,405.095,0.0049302
"2026-04-06 22:26:25",423.213,403.649,0.0053521
"2026-04-07 04:37:55",422.794,403.174,0.005891
"2026-04-07 06:10:47",422.705,403.05,0.0058758
"2026-04-07 09:16:31",422.533,402.85,0.0055477
"2026-04-07 20:06:30",422.007,402.273,0.0040267
"2026-04-07 23:12:12",421.834,402.083,0.0040599
"2026-04-08 02:17:54",421.679,401.922,0.003841
"2026-04-08 02:17:54",421.679,401.922,0.003841
"2026-04-08 22:24:43",420.594,400.831,0.0037534
"2026-04-08 23:57:32",420.541,400.739,0.0035917
"2026-04-08 23:57:32",420.541,400.739,0.0035917
"2026-04-10 05:20:50",419.224,399.097,0.0039862
"2026-04-10 05:20:50",419.224,399.097,0.0039862
"2026-04-10 22:21:26",418.419,398.307,0.0036781
"2026-04-12 00:38:26",417.505,397.314,0.0024395
"2026-04-12 00:38:26",417.504,397.314,0.0024395
"2026-04-12 22:16:54",417.012,396.562,0.0020202
"2026-04-12 23:49:38",416.925,396.573,0.0020259
"2026-04-13 04:27:51",416.858,396.425,0.0018076
"2026-04-13 09:06:04",416.788,396.238,0.0017374
"2026-04-13 09:06:04",416.789,396.238,0.0017374
"2026-04-14 08:17:01",416.258,395.679,0.0015162
"2026-04-14 08:17:01",416.258,395.679,0.0015162
"2026-04-14 16:00:38",416.113,395.531,0.0015498
"2026-04-14 22:11:30",415.966,395.368,0.0016511
"2026-04-15 04:22:22",415.893,395.209,0.0013012
"2026-04-15 04:22:22",415.893,395.209,0.0013012
"2026-04-15 15:11:22",415.649,394.955,0.0014847
"2026-04-15 22:54:54",415.455,394.821,0.0015508
"2026-04-16 08:11:08",415.356,394.514,0.0013995
"2026-04-16 08:11:08",415.356,394.514,0.0013995
"2026-04-17 21:15:49",414.605,393.661,0.0016292
"2026-04-18 20:25:59",413.776,392.825,0.0022922
"2026-04-18 20:25:59",413.775,392.825,0.0022922
"2026-04-19 04:09:19",413.528,392.471,0.0022459
"2026-04-19 04:09:19",413.528,392.471,0.0022459
"2026-04-19 07:14:39",413.431,392.286,0.0022508
"2026-04-19 07:14:39",413.432,392.285,0.0022508
"2026-04-19 21:08:32",412.875,391.828,0.0022506
"2026-04-19 21:08:32",412.875,391.828,0.0022506
"2026-04-20 03:19:08",412.692,391.522,0.0024402
"2026-04-20 03:19:08",412.692,391.522,0.0024402
"2026-04-20 20:18:10",412.087,390.851,0.0025956
"2026-04-20 21:50:47",412.009,390.738,0.0027002
"2026-04-22 03:10:28",410.756,389.11,0.0027689
"2026-04-22 06:15:40",410.591,389.004,0.0024155
"2026-04-22 13:58:38",410.337,388.593,0.0021028
"2026-04-22 13:58:38",410.337,388.593,0.0021028
"2026-04-22 21:41:34",409.987,388.213,0.0024732
"2026-04-23 03:51:54",409.69,387.903,0.002703
"2026-04-23 06:57:03",409.558,387.689,0.00275
"2026-04-23 22:22:41",408.871,386.713,0.0027045
"2026-04-23 22:22:41",408.871,386.713,0.0027045
"2026-04-24 19:58:16",407.736,385.063,0.0033917
"2026-04-24 19:58:16",407.736,385.063,0.0033917
"2026-04-25 06:45:53",406.936,383.743,0.0049099
"2026-04-25 06:45:53",406.936,383.743,0.0049099
"2026-04-25 19:05:51",405.813,382.858,0.0040855
"2026-04-25 19:05:51",405.813,382.858,0.0040855
"2026-04-26 05:53:09",404.827,381.393,0.005847
"2026-04-26 05:53:09",404.827,381.392,0.005847
"2026-04-26 21:17:35",403.434,379.552,0.0049866
"2026-04-26 21:17:35",403.434,379.553,0.0049866
"2026-04-27 18:51:10",401.095,376.621,0.0054957
"2026-04-27 18:51:10",401.095,376.621,0.0054957
"2026-04-28 05:37:41",400.097,374.943,0.0055701
"2026-04-28 05:37:41",400.097,374.943,0.0055701
"2026-04-28 21:00:57",398.412,372.987,0.0054707
"2026-04-28 21:00:57",398.413,372.987,0.0054707
"2026-04-29 01:37:51",397.807,372.345,0.0059796
"2026-04-29 01:37:51",397.807,372.345,0.0059796
"2026-04-29 12:23:49",396.704,370.739,0.0056131
"2026-04-29 12:23:49",396.705,370.739,0.0056131
"2026-04-29 20:05:07",395.717,369.506,0.0066833
"2026-04-29 20:05:07",395.718,369.506,0.0066833
"2026-04-30 05:18:30",394.491,367.936,0.0071629
"2026-04-30 05:18:30",394.491,367.936,0.0071629
"2026-04-30 20:40:24",391.942,364.756,0.0091555
"2026-05-01 04:21:07",390.354,362.957,0.0098566
"2026-05-01 12:01:39",388.711,361.405,0.0085774
"2026-05-01 19:42:00",387.126,359.676,0.0083361
"2026-05-01 19:42:00",387.126,359.676,0.0083361
"2026-05-02 04:54:13",385.285,357.308,0.0088248
"2026-05-02 04:54:13",385.285,357.307,0.0088248
"2026-05-03 00:49:50",380.917,352.803,0.009186
"2026-05-03 00:49:50",380.917,352.803,0.009186
"2026-05-03 11:33:08",378.674,350.239,0.0082224
"2026-05-03 11:33:08",378.674,350.239,0.0082224
"2026-05-03 17:40:33",377.084,348.53,0.0095161
"2026-05-03 17:40:33",377.084,348.53,0.0095161
"2026-05-04 04:23:15",374.81,345.773,0.0078524
"2026-05-04 04:23:15",374.81,345.773,0.0078524
"2026-05-05 18:34:56",362.136,333.188,0.009282
"2026-05-05 18:34:56",362.136,333.188,0.009282
"2026-05-06 03:43:58",359.525,330.384,0.0083867
"2026-05-06 11:21:14",357.448,328.063,0.0080847
"2026-05-06 11:21:14",357.448,328.063,0.0080847
"2026-05-06 18:58:17",355.16,325.906,0.008065
"2026-05-06 18:58:17",355.16,325.906,0.008065
"2026-05-08 02:55:27",345.755,316.172,0.0079834
"2026-05-08 02:55:27",345.755,316.172,0.0079834
"2026-05-08 16:35:37",339.616,310.678,0.0086769
"2026-05-08 16:35:37",339.616,310.678,0.0086769
"2026-05-09 03:12:46",334.962,305.922,0.0081583
"2026-05-09 03:12:46",334.962,305.922,0.0081583
"2026-05-09 18:21:51",328.154,299.177,0.0078367
"2026-05-09 18:21:51",328.154,299.177,0.0078367
"2026-05-10 01:55:53",325.237,295.955,0.0066525
"2026-05-10 01:55:53",325.237,295.955,0.0066525
"2026-05-10 18:33:30",316.742,287.374,0.0077578
"2026-05-10 23:05:14",314.556,285.028,0.007044
"2026-05-10 23:05:14",314.556,285.028,0.007044
"2026-05-12 09:42:20",285.551,257.427,0.0094873
"2026-05-12 09:42:20",285.551,257.427,0.0094873